nameWithOwner,url,createdAt,stargazers,releases,loc,cbo,dit,lcom
MisterBooo/LeetCodeAnimation,https://github.com/MisterBooo/LeetCodeAnimation,2018-12-06T08:01:22Z,69431,0,78,1.0,1.0,0.0
ReactiveX/RxJava,https://github.com/ReactiveX/RxJava,2013-01-08T20:11:48Z,45878,228,368545,1.0,1.0,0.0
201206030/fiction_house,https://github.com/201206030/fiction_house,2019-11-11T01:13:52Z,2791,5,9372,3.0,1.0,9.0
2227324689/gpmall,https://github.com/2227324689/gpmall,2019-07-18T14:09:22Z,4329,0,8865,3.0,1.0,0.0
527515025/springBoot,https://github.com/527515025/springBoot,2016-11-07T02:13:31Z,5454,0,6250,4.0,1.0,0.0
981011512/--,https://github.com/981011512/--,2020-06-18T22:47:21Z,3537,0,26884,3.0,1.0,6.0
aa112901/remusic,https://github.com/aa112901/remusic,2016-03-24T06:20:39Z,5986,0,47786,3.0,1.0,0.0
abel533/MyBatis-Spring-Boot,https://github.com/abel533/MyBatis-Spring-Boot,2015-12-19T09:57:22Z,3316,0,396,4.5,1.0,0.0
AbrahamCaiJin/CommonUtilLibrary,https://github.com/AbrahamCaiJin/CommonUtilLibrary,2017-04-28T06:06:58Z,2738,0,16523,3.0,1.0,1.0
actorapp/actor-platform,https://github.com/actorapp/actor-platform,2015-06-21T00:29:57Z,3317,97,134425,3.0,1.0,0.0
airbnb/airpal,https://github.com/airbnb/airpal,2014-05-05T18:51:30Z,2761,0,3952,4.0,1.0,0.0
airbnb/DeepLinkDispatch,https://github.com/airbnb/DeepLinkDispatch,2015-06-11T21:16:48Z,4148,22,8643,5.0,1.0,0.0
airbnb/epoxy,https://github.com/airbnb/epoxy,2016-08-08T23:05:11Z,7819,70,41206,5.0,2.0,1.0
airbnb/lottie-android,https://github.com/airbnb/lottie-android,2016-10-06T22:42:42Z,32572,41,15358,5.0,1.0,1.0
airbnb/native-navigation,https://github.com/airbnb/native-navigation,2016-09-16T17:16:56Z,3125,0,4473,3.0,1.0,0.0
akexorcist/BluetoothSPPLibrary,https://github.com/akexorcist/BluetoothSPPLibrary,2014-03-25T18:37:50Z,1681,1,1655,2.0,1.0,0.0
alamkanak/Android-Week-View,https://github.com/alamkanak/Android-Week-View,2014-09-17T10:07:12Z,3359,4,2003,2.0,1.0,0.0
alexjlockwood/adp-delightful-details,https://github.com/alexjlockwood/adp-delightful-details,2016-11-04T14:23:35Z,1029,0,311,6.0,2.0,1.0
alexvasilkov/GestureViews,https://github.com/alexvasilkov/GestureViews,2014-05-30T08:42:26Z,2274,16,8267,4.0,1.0,0.0
alibaba/Alink,https://github.com/alibaba/Alink,2018-09-30T06:36:11Z,3046,13,330296,4.0,1.0,0.0
alibaba/atlas,https://github.com/alibaba/atlas,2017-02-28T06:31:43Z,8050,7,157514,4.0,1.0,1.0
alibaba/canal,https://github.com/alibaba/canal,2013-01-13T10:59:52Z,22450,22,109165,3.0,1.0,1.0
alibaba/cobar,https://github.com/alibaba/cobar,2014-01-15T11:20:09Z,3141,1,63193,3.0,1.0,1.0
alibaba/DataX,https://github.com/alibaba/DataX,2018-01-18T10:09:47Z,10792,0,52240,3.0,1.0,0.0
alibaba/dexposed,https://github.com/alibaba/dexposed,2015-06-30T02:59:16Z,4439,0,2414,2.0,1.0,0.0
alibaba/druid,https://github.com/alibaba/druid,2011-11-03T05:12:51Z,25262,43,308955,4.0,2.0,0.0
alibaba/easyexcel,https://github.com/alibaba/easyexcel,2018-02-06T03:14:08Z,22929,1,18609,5.0,1.0,1.0
alibaba/freeline,https://github.com/alibaba/freeline,2016-08-03T17:22:52Z,5494,22,5357,3.0,1.0,1.0
alibaba/jetcache,https://github.com/alibaba/jetcache,2017-04-12T07:48:23Z,3291,49,14838,3.0,1.0,0.0
alibaba/jstorm,https://github.com/alibaba/jstorm,2013-09-03T03:53:16Z,3943,22,296316,4.0,1.0,1.0
alibaba/jvm-sandbox,https://github.com/alibaba/jvm-sandbox,2017-08-03T02:55:31Z,4814,12,14467,2.0,1.0,0.0
alibaba/nacos,https://github.com/alibaba/nacos,2018-06-15T06:49:27Z,21792,43,105934,3.0,1.0,0.0
alibaba/QLExpress,https://github.com/alibaba/QLExpress,2017-03-15T08:39:54Z,3219,0,12087,4.0,1.0,0.0
alibaba/spring-cloud-alibaba,https://github.com/alibaba/spring-cloud-alibaba,2017-12-01T20:49:15Z,21745,27,14226,5.0,1.0,0.0
alibaba/Tangram-Android,https://github.com/alibaba/Tangram-Android,2017-03-29T13:29:57Z,4058,38,24338,3.0,1.0,0.0
alibaba/UltraViewPager,https://github.com/alibaba/UltraViewPager,2017-03-29T13:31:53Z,5029,10,1518,2.0,1.0,0.0
alibaba/vlayout,https://github.com/alibaba/vlayout,2017-02-27T08:11:47Z,10830,34,14042,3.0,1.0,0.0
alipay/SoloPi,https://github.com/alipay/SoloPi,2019-03-14T15:32:49Z,4607,7,53275,2.0,1.0,0.0
allure-framework/allure2,https://github.com/allure-framework/allure2,2016-05-27T14:06:05Z,2729,50,7268,4.0,1.0,1.0
Alluxio/alluxio,https://github.com/Alluxio/alluxio,2012-12-21T17:43:46Z,5546,53,203522,4.0,1.0,1.0
amirzaidi/Launcher3,https://github.com/amirzaidi/Launcher3,2017-05-30T12:53:32Z,3671,22,60130,3.0,1.0,0.0
amitshekhariitbhu/Android-Debug-Database,https://github.com/amitshekhariitbhu/Android-Debug-Database,2016-11-16T14:20:24Z,7972,12,2393,4.0,1.0,0.0
amitshekhariitbhu/Fast-Android-Networking,https://github.com/amitshekhariitbhu/Fast-Android-Networking,2016-03-21T18:35:44Z,5374,8,19596,2.0,1.0,1.0
amitshekhariitbhu/RxJava2-Android-Samples,https://github.com/amitshekhariitbhu/RxJava2-Android-Samples,2016-08-27T08:21:37Z,4954,0,3992,2.0,1.0,0.0
amlcurran/ShowcaseView,https://github.com/amlcurran/ShowcaseView,2012-08-14T19:07:36Z,5577,13,2086,5.0,1.0,0.0
amulyakhare/TextDrawable,https://github.com/amulyakhare/TextDrawable,2014-10-19T09:56:45Z,3153,0,824,3.0,1.0,0.0
andkulikov/Transitions-Everywhere,https://github.com/andkulikov/Transitions-Everywhere,2014-10-15T03:37:03Z,4855,23,9485,5.0,1.0,0.0
andOTP/andOTP,https://github.com/andOTP/andOTP,2017-07-05T11:39:52Z,3495,38,8443,3.0,1.0,0.0
andremion/Music-Player,https://github.com/andremion/Music-Player,2016-05-06T21:55:37Z,3464,2,926,3.5,2.0,0.5
android-async-http/android-async-http,https://github.com/android-async-http/android-async-http,2011-02-20T03:25:07Z,10657,3,7620,4.0,1.0,3.0
android-cjj/BeautifulRefreshLayout,https://github.com/android-cjj/BeautifulRefreshLayout,2015-08-05T10:02:40Z,2159,0,1105,2.0,1.0,0.0
android-notes/Cockroach,https://github.com/android-notes/Cockroach,2017-02-14T03:43:51Z,3047,1,1562,3.0,1.0,0.0
android10/Android-CleanArchitecture,https://github.com/android10/Android-CleanArchitecture,2014-08-19T14:09:26Z,15120,0,2260,4.0,1.0,1.0
android/testing-samples,https://github.com/android/testing-samples,2014-10-11T03:51:27Z,8433,0,1862,7.0,1.0,0.0
android/views-widgets-samples,https://github.com/android/views-widgets-samples,2019-09-06T21:39:12Z,4092,0,7344,2.0,1.0,0.0
anggrayudi/android-hidden-api,https://github.com/anggrayudi/android-hidden-api,2015-09-16T11:58:33Z,3121,1,480,8.5,1.0,0.5
ankidroid/Anki-Android,https://github.com/ankidroid/Anki-Android,2013-01-20T13:55:53Z,4770,987,60496,5.0,1.0,1.0
AntennaPod/AntennaPod,https://github.com/AntennaPod/AntennaPod,2012-07-31T10:25:08Z,4121,43,47597,5.0,1.0,1.0
antlr/antlr4,https://github.com/antlr/antlr4,2010-02-04T01:36:28Z,11804,23,48131,2.0,2.0,0.0
antoniolg/androidmvp,https://github.com/antoniolg/androidmvp,2014-04-02T05:42:20Z,5961,0,274,2.0,1.0,0.0
antonkrasov/AndroidSocialNetworks,https://github.com/antonkrasov/AndroidSocialNetworks,2014-04-22T10:04:26Z,1030,1,23728,3.0,1.0,0.0
AnyListen/tools-ocr,https://github.com/AnyListen/tools-ocr,2019-03-22T09:12:25Z,2395,5,1645,2.5,1.0,0.5
apache/beam,https://github.com/apache/beam,2016-02-02T08:00:06Z,5390,20,577078,5.0,1.0,0.0
apache/calcite,https://github.com/apache/calcite,2014-06-25T07:00:07Z,2991,0,309092,5.0,1.0,1.0
apache/dubbo-admin,https://github.com/apache/dubbo-admin,2018-01-11T05:30:17Z,3524,4,9478,2.0,1.0,1.0
apache/hbase,https://github.com/apache/hbase,2014-05-23T07:00:07Z,4411,19,889628,5.0,1.0,1.0
apache/hive,https://github.com/apache/hive,2009-05-21T02:31:01Z,4192,0,1961235,4.0,1.0,1.0
apache/hudi,https://github.com/apache/hudi,2016-12-14T15:53:41Z,2953,15,140731,6.0,1.0,1.0
apache/ignite,https://github.com/apache/ignite,2015-02-19T08:00:05Z,4102,0,1156685,3.0,1.0,0.0
apache/jmeter,https://github.com/apache/jmeter,2010-05-26T23:38:07Z,6004,0,127474,4.0,2.0,3.0
apache/kafka,https://github.com/apache/kafka,2011-08-15T18:06:16Z,21496,0,379824,4.0,1.0,0.0
apache/kylin,https://github.com/apache/kylin,2015-01-03T08:00:05Z,3272,0,204383,4.0,1.0,1.0
apache/maven,https://github.com/apache/maven,2009-05-21T03:22:03Z,3025,2,63827,4.0,1.0,1.0
apache/pinot,https://github.com/apache/pinot,2014-05-19T23:27:48Z,3862,15,300018,4.0,1.0,1.0
apache/pulsar,https://github.com/apache/pulsar,2016-06-28T07:00:03Z,10551,53,383150,4.0,1.0,0.0
apache/rocketmq-externals,https://github.com/apache/rocketmq-externals,2017-03-14T07:00:06Z,4085,0,9842,4.0,1.0,0.0
apache/shardingsphere-elasticjob,https://github.com/apache/shardingsphere-elasticjob,2015-09-11T11:28:52Z,7458,27,21604,4.0,1.0,0.0
apache/shiro,https://github.com/apache/shiro,2009-08-29T08:00:17Z,3768,0,32214,3.0,1.0,1.0
apache/storm,https://github.com/apache/storm,2013-11-05T08:00:14Z,6336,0,375988,3.0,1.0,1.0
apache/tomcat,https://github.com/apache/tomcat,2011-10-01T07:00:19Z,5937,0,346493,3.0,1.0,1.0
apache/zeppelin,https://github.com/apache/zeppelin,2015-03-25T07:00:06Z,5618,0,198288,3.0,1.0,1.0
apache/zookeeper,https://github.com/apache/zookeeper,2009-03-27T15:41:56Z,10297,0,114888,3.0,1.0,0.0
apereo/cas,https://github.com/apereo/cas,2011-09-09T01:36:42Z,9324,211,185794,8.0,1.0,0.0
apolloconfig/apollo,https://github.com/apolloconfig/apollo,2016-03-04T10:24:23Z,26500,34,44421,4.0,1.0,0.0
aragozin/jvm-tools,https://github.com/aragozin/jvm-tools,2012-04-28T09:28:32Z,3046,0,32343,3.0,1.0,0.0
arduino/Arduino,https://github.com/arduino/Arduino,2010-09-17T19:10:36Z,12684,37,25793,2.0,1.0,0.0
AriaLyy/Aria,https://github.com/AriaLyy/Aria,2016-02-19T02:16:07Z,4850,26,42723,4.0,1.0,1.0
arimorty/floatingsearchview,https://github.com/arimorty/floatingsearchview,2015-11-22T02:38:32Z,3536,0,4170,2.0,1.0,0.0
aritraroy/UltimateAndroidReference,https://github.com/aritraroy/UltimateAndroidReference,2017-04-10T07:28:27Z,7471,0,22,1.0,1.0,0.0
ArthurHub/Android-Image-Cropper,https://github.com/ArthurHub/Android-Image-Cropper,2015-01-15T10:49:37Z,6035,32,4655,4.0,1.0,0.0
Ashok-Varma/BottomNavigation,https://github.com/Ashok-Varma/BottomNavigation,2016-03-19T19:19:30Z,4307,16,2091,5.5,1.0,4.5
asLody/VirtualApp,https://github.com/asLody/VirtualApp,2016-07-06T13:25:23Z,8576,0,46624,2.0,2.0,0.0
AsyncHttpClient/async-http-client,https://github.com/AsyncHttpClient/async-http-client,2011-03-07T13:41:46Z,5927,0,32817,4.0,1.0,1.0
Atmosphere/atmosphere,https://github.com/Atmosphere/atmosphere,2010-06-30T14:26:23Z,3567,0,42258,4.0,1.0,1.0
aurelhubert/ahbottomnavigation,https://github.com/aurelhubert/ahbottomnavigation,2016-03-17T12:17:56Z,3874,14,2339,2.0,1.0,0.0
auth0/java-jwt,https://github.com/auth0/java-jwt,2014-03-07T15:06:11Z,4632,32,7953,4.0,1.0,1.0
avast/android-butterknife-zelezny,https://github.com/avast/android-butterknife-zelezny,2013-12-23T14:24:08Z,3421,8,1626,3.0,1.0,0.0
avast/android-styled-dialogs,https://github.com/avast/android-styled-dialogs,2013-05-25T07:35:52Z,2179,8,2017,3.0,1.0,0.0
awaitility/awaitility,https://github.com/awaitility/awaitility,2010-01-22T15:12:52Z,2933,0,5233,1.0,1.0,0.0
AweiLoveAndroid/CommonDevKnowledge,https://github.com/AweiLoveAndroid/CommonDevKnowledge,2017-12-15T03:00:08Z,2834,0,882,2.0,1.0,2.0
awsdocs/aws-doc-sdk-examples,https://github.com/awsdocs/aws-doc-sdk-examples,2016-08-18T19:06:57Z,5034,0,46214,5.0,1.0,1.0
azkaban/azkaban,https://github.com/azkaban/azkaban,2012-10-18T01:34:53Z,3993,48,85569,4.0,1.0,1.0
Azoft/CarouselLayoutManager,https://github.com/Azoft/CarouselLayoutManager,2016-03-30T09:57:49Z,2343,0,1000,4.0,1.0,0.0
baidu/uid-generator,https://github.com/baidu/uid-generator,2017-03-27T04:03:43Z,4579,0,873,1.0,1.0,1.0
baomidou/dynamic-datasource-spring-boot-starter,https://github.com/baomidou/dynamic-datasource-spring-boot-starter,2018-04-28T02:32:16Z,3286,8,2528,4.0,1.0,0.0
baomidou/mybatis-plus,https://github.com/baomidou/mybatis-plus,2016-08-18T10:06:53Z,12602,22,18124,3.0,1.0,0.0
baoyachi/StepView,https://github.com/baoyachi/StepView,2016-06-22T03:52:08Z,4077,13,906,7.0,2.0,0.0
baoyongzhang/SwipeMenuListView,https://github.com/baoyongzhang/SwipeMenuListView,2014-08-24T15:40:45Z,3528,2,1347,2.0,1.0,1.0
bastillion-io/Bastillion,https://github.com/bastillion-io/Bastillion,2013-02-07T23:11:49Z,2789,17,5129,4.0,1.0,3.0
bauerca/drag-sort-listview,https://github.com/bauerca/drag-sort-listview,2012-06-01T06:32:13Z,3218,0,4301,2.0,1.0,0.0
beemdevelopment/Aegis,https://github.com/beemdevelopment/Aegis,2016-08-15T19:10:31Z,3074,44,15253,5.0,1.0,1.0
belerweb/pinyin4j,https://github.com/belerweb/pinyin4j,2013-04-22T08:30:46Z,1032,0,4582,2.0,1.0,3.0
BelooS/ChipsLayoutManager,https://github.com/BelooS/ChipsLayoutManager,2016-08-03T19:23:43Z,3164,11,6101,3.5,1.0,0.0
ben-manes/caffeine,https://github.com/ben-manes/caffeine,2014-12-13T08:45:11Z,11321,59,68699,3.0,1.0,0.0
Bigkoo/Android-PickerView,https://github.com/Bigkoo/Android-PickerView,2014-12-28T01:46:38Z,13076,0,4421,2.0,1.0,0.0
bilibili/boxing,https://github.com/bilibili/boxing,2017-01-22T07:04:34Z,3204,1,5910,4.0,1.0,1.0
bilibili/DanmakuFlameMaster,https://github.com/bilibili/DanmakuFlameMaster,2013-08-11T12:18:50Z,9245,5,12879,3.0,1.0,1.0
bilibili/MagicaSakura,https://github.com/bilibili/MagicaSakura,2016-06-23T07:54:59Z,3470,3,5367,7.5,2.0,3.0
bingoogolapple/BGABanner-Android,https://github.com/bingoogolapple/BGABanner-Android,2014-10-25T17:15:18Z,4082,0,2123,3.0,2.0,1.0
bingoogolapple/BGARefreshLayout-Android,https://github.com/bingoogolapple/BGARefreshLayout-Android,2015-05-28T16:17:00Z,4275,4,5450,3.0,1.0,1.0
binIoter/GuideView,https://github.com/binIoter/GuideView,2016-06-19T08:52:25Z,3646,0,1246,2.0,1.0,1.0
bisq-network/bisq,https://github.com/bisq-network/bisq,2014-03-12T09:42:29Z,3917,120,161500,4.0,1.0,1.0
bitcoin-wallet/bitcoin-wallet,https://github.com/bitcoin-wallet/bitcoin-wallet,2012-03-31T17:06:47Z,2790,18,18012,4.0,1.0,0.0
bitcoinj/bitcoinj,https://github.com/bitcoinj/bitcoinj,2013-11-19T04:33:23Z,4249,1,67747,4.0,1.0,1.0
Blankj/awesome-java-leetcode,https://github.com/Blankj/awesome-java-leetcode,2017-04-17T15:51:41Z,8351,0,1772,2.0,1.0,1.0
bluelinelabs/Conductor,https://github.com/bluelinelabs/Conductor,2016-03-16T18:42:41Z,3834,19,6535,3.0,1.0,0.0
bluelinelabs/LoganSquare,https://github.com/bluelinelabs/LoganSquare,2015-02-17T03:24:12Z,3234,0,6892,3.0,1.0,0.0
bmelnychuk/AndroidTreeView,https://github.com/bmelnychuk/AndroidTreeView,2015-02-11T02:48:05Z,2873,0,2145,4.0,1.0,0.0
BoltsFramework/Bolts-Android,https://github.com/BoltsFramework/Bolts-Android,2014-01-30T04:58:14Z,3984,11,5144,2.0,1.0,0.0
brianfrankcooper/YCSB,https://github.com/brianfrankcooper/YCSB,2010-04-19T20:52:11Z,4030,55,22046,3.0,1.0,0.0
brianway/java-learning,https://github.com/brianway/java-learning,2016-02-09T05:20:58Z,3929,0,10984,1.0,1.0,0.0
btraceio/btrace,https://github.com/btraceio/btrace,2014-08-28T18:58:24Z,4996,29,37951,4.0,1.0,0.0
bytedeco/javacpp,https://github.com/bytedeco/javacpp,2014-04-21T12:47:21Z,3787,8,25487,4.0,2.0,0.0
bytedeco/javacv,https://github.com/bytedeco/javacv,2014-04-21T13:50:26Z,5761,8,26546,4.0,1.0,1.0
cabaletta/baritone,https://github.com/cabaletta/baritone,2018-08-01T15:34:21Z,4242,61,17152,4.0,1.0,1.0
CaffeineMC/sodium-fabric,https://github.com/CaffeineMC/sodium-fabric,2020-02-01T03:04:09Z,3352,11,11383,4.0,1.0,1.0
CalebFenton/simplify,https://github.com/CalebFenton/simplify,2014-01-16T05:14:02Z,3926,9,21150,8.0,1.0,0.0
CameraKit/blurkit-android,https://github.com/CameraKit/blurkit-android,2016-11-06T03:14:58Z,3538,3,497,5.0,1.0,0.0
CameraKit/camerakit-android,https://github.com/CameraKit/camerakit-android,2016-11-27T19:29:43Z,5157,17,4487,2.0,1.0,0.0
careercup/CtCI-6th-Edition,https://github.com/careercup/CtCI-6th-Edition,2015-07-02T06:28:46Z,9726,0,21093,2.0,1.0,1.0
careercup/ctci,https://github.com/careercup/ctci,2013-03-21T23:01:01Z,5032,0,11244,2.0,1.0,1.0
castorflex/SmoothProgressBar,https://github.com/castorflex/SmoothProgressBar,2013-11-27T20:32:16Z,4431,9,2208,3.0,1.0,0.0
cats-oss/android-gpuimage,https://github.com/cats-oss/android-gpuimage,2012-10-04T08:11:58Z,8334,0,6341,2.0,2.0,0.0
CellularPrivacy/Android-IMSI-Catcher-Detector,https://github.com/CellularPrivacy/Android-IMSI-Catcher-Detector,2013-11-23T10:04:14Z,4165,48,12171,3.0,1.0,0.0
cglib/cglib,https://github.com/cglib/cglib,2014-03-29T13:48:30Z,4318,15,17670,1.0,1.0,0.0
ChadCSong/ShineButton,https://github.com/ChadCSong/ShineButton,2016-07-05T06:32:26Z,4111,2,1111,2.0,1.0,0.0
changmingxie/tcc-transaction,https://github.com/changmingxie/tcc-transaction,2015-12-05T04:27:53Z,5370,4,7560,3.0,1.0,0.0
CheckChe0803/flink-recommandSystem-demo,https://github.com/CheckChe0803/flink-recommandSystem-demo,2019-05-15T07:55:35Z,3285,0,1835,3.0,1.0,1.0
chefyuan/algorithm-base,https://github.com/chefyuan/algorithm-base,2021-03-17T09:32:28Z,9823,0,0,,,
chenBingX/SuperTextView,https://github.com/chenBingX/SuperTextView,2017-04-17T11:32:41Z,3187,33,4733,2.0,1.0,0.0
chentao0707/SimplifyReader,https://github.com/chentao0707/SimplifyReader,2015-08-17T08:22:53Z,4577,0,34709,2.0,1.0,0.0
chewiebug/GCViewer,https://github.com/chewiebug/GCViewer,2011-10-23T09:01:04Z,3945,5,19800,4.0,1.0,1.0
Chora10/Cknife,https://github.com/Chora10/Cknife,2016-02-18T02:58:01Z,2241,0,8030,1.0,1.0,0.0
chrisbanes/ActionBar-PullToRefresh,https://github.com/chrisbanes/ActionBar-PullToRefresh,2013-06-04T14:44:53Z,3192,0,3717,5.0,2.0,1.0
chrisbanes/Android-PullToRefresh,https://github.com/chrisbanes/Android-PullToRefresh,2011-11-29T09:59:56Z,8777,0,3567,4.5,2.0,1.0
chrisjenx/Calligraphy,https://github.com/chrisjenx/Calligraphy,2013-12-20T02:35:45Z,8620,4,968,5.0,1.0,3.0
ChrisRM/material-theme-jetbrains,https://github.com/ChrisRM/material-theme-jetbrains,2015-09-23T07:15:04Z,7904,17,14517,3.0,2.0,1.0
citerus/dddsample-core,https://github.com/citerus/dddsample-core,2015-01-31T23:21:37Z,3926,0,4360,4.0,1.0,0.0
cjlin1/libsvm,https://github.com/cjlin1/libsvm,2013-09-10T14:32:07Z,4115,0,3087,1.5,1.0,0.0
claritylab/lucida,https://github.com/claritylab/lucida,2014-05-13T17:12:49Z,4826,0,23221,5.0,1.0,1.0
Cleveroad/WaveInApp,https://github.com/Cleveroad/WaveInApp,2016-02-10T13:44:54Z,1715,0,2721,3.5,1.0,0.5
code4craft/netty-learning,https://github.com/code4craft/netty-learning,2013-09-19T02:24:25Z,3352,0,68759,4.0,1.0,1.0
code4craft/tiny-spring,https://github.com/code4craft/tiny-spring,2014-01-10T16:37:57Z,3584,0,1543,2.0,1.0,0.0
code4craft/webmagic,https://github.com/code4craft/webmagic,2013-04-23T12:57:36Z,10297,20,8567,4.0,1.0,1.0
codecentric/spring-boot-admin,https://github.com/codecentric/spring-boot-admin,2014-07-25T11:39:13Z,10723,68,12497,6.0,1.0,0.0
codeestX/GeekNews,https://github.com/codeestX/GeekNews,2016-08-07T14:56:56Z,3492,0,11939,2.0,1.0,0.0
codingapi/tx-lcn,https://github.com/codingapi/tx-lcn,2017-11-11T03:34:34Z,4110,14,7772,4.0,1.0,0.0
CodingDocs/springboot-guide,https://github.com/CodingDocs/springboot-guide,2018-11-28T01:05:07Z,4316,0,1522,3.0,1.0,0.0
coobird/thumbnailator,https://github.com/coobird/thumbnailator,2015-07-25T05:38:33Z,4051,0,16634,2.0,1.0,1.0
crate/crate,https://github.com/crate/crate,2013-04-10T09:17:16Z,3320,39,414577,5.0,1.0,1.0
CrawlScript/WebCollector,https://github.com/CrawlScript/WebCollector,2014-07-12T03:16:12Z,2895,0,4617,3.0,1.0,1.0
crazyandcoder/citypicker,https://github.com/crazyandcoder/citypicker,2016-05-12T01:21:33Z,3084,4,6571,2.0,1.0,0.0
crazycodeboy/react-native-splash-screen,https://github.com/crazycodeboy/react-native-splash-screen,2016-09-14T10:43:55Z,5138,12,246,2.5,1.0,0.5
Creators-of-Create/Create,https://github.com/Creators-of-Create/Create,2019-07-18T08:27:10Z,1051,0,99898,8.0,2.0,3.0
crossoverJie/cim,https://github.com/crossoverJie/cim,2018-05-20T15:55:56Z,8272,7,7280,3.0,1.0,0.0
crossoverJie/JCSprout,https://github.com/crossoverJie/JCSprout,2017-12-17T09:06:50Z,26633,0,4399,1.0,1.0,0.0
crossoverJie/SSM,https://github.com/crossoverJie/SSM,2016-06-21T10:09:02Z,3389,10,12864,2.0,1.0,2.0
cSploit/android,https://github.com/cSploit/android,2014-10-04T05:53:29Z,2819,33,22657,2.0,1.0,0.0
Curzibn/Luban,https://github.com/Curzibn/Luban,2016-07-24T07:43:21Z,12875,6,1088,1.0,1.0,1.0
CymChad/BaseRecyclerViewAdapterHelper,https://github.com/CymChad/BaseRecyclerViewAdapterHelper,2016-04-10T07:40:11Z,22707,192,3931,3.0,1.0,0.0
daimajia/AndroidImageSlider,https://github.com/daimajia/AndroidImageSlider,2014-06-02T06:04:17Z,5652,5,3813,2.0,1.0,1.0
daimajia/AndroidSwipeLayout,https://github.com/daimajia/AndroidSwipeLayout,2014-08-25T04:09:33Z,12191,18,2770,2.0,1.0,0.0
daimajia/AndroidViewAnimations,https://github.com/daimajia/AndroidViewAnimations,2014-06-23T03:53:13Z,12060,9,965,2.0,2.0,0.0
daimajia/AndroidViewHover,https://github.com/daimajia/AndroidViewHover,2014-08-08T12:04:43Z,3193,4,712,2.0,1.0,1.0
daimajia/NumberProgressBar,https://github.com/daimajia/NumberProgressBar,2014-05-01T08:54:25Z,5978,3,380,0.5,1.0,0.0
danielzeller/Depth-LIB-Android-,https://github.com/danielzeller/Depth-LIB-Android-,2016-04-27T09:37:28Z,4586,0,3771,2.0,1.0,0.0
danikula/AndroidVideoCache,https://github.com/danikula/AndroidVideoCache,2015-04-01T11:25:52Z,4897,20,3217,3.0,1.0,1.0
daniulive/SmarterStreaming,https://github.com/daniulive/SmarterStreaming,2016-03-26T14:46:02Z,9971,0,10750,2.0,1.0,0.0
danylovolokh/VideoPlayerManager,https://github.com/danylovolokh/VideoPlayerManager,2015-07-09T21:32:15Z,3106,0,4228,3.0,1.0,0.0
dariuszseweryn/RxAndroidBle,https://github.com/dariuszseweryn/RxAndroidBle,2016-02-04T13:42:02Z,3076,47,11228,3.0,1.0,0.0
databricks/learning-spark,https://github.com/databricks/learning-spark,2014-06-16T04:47:54Z,3742,0,2295,2.0,1.0,0.0
dataease/dataease,https://github.com/dataease/dataease,2021-02-02T04:10:21Z,5370,24,89526,3.0,1.0,0.0
davideas/FlexibleAdapter,https://github.com/davideas/FlexibleAdapter,2015-05-02T22:00:43Z,3490,30,15853,4.0,1.0,1.0
dbeaver/dbeaver,https://github.com/dbeaver/dbeaver,2015-10-21T08:26:28Z,25309,148,389229,5.0,1.0,1.0
ddd-by-examples/library,https://github.com/ddd-by-examples/library,2019-01-11T09:14:03Z,2828,0,1770,5.0,1.0,0.0
deathmarine/Luyten,https://github.com/deathmarine/Luyten,2013-07-11T10:57:28Z,4367,17,6750,1.0,1.0,0.0
debezium/debezium,https://github.com/debezium/debezium,2016-01-22T20:17:05Z,6442,0,138416,4.0,1.0,1.0
Devlight/InfiniteCycleViewPager,https://github.com/Devlight/InfiniteCycleViewPager,2016-08-22T08:04:39Z,5722,2,3564,3.0,2.0,0.0
Devlight/NavigationTabBar,https://github.com/Devlight/NavigationTabBar,2016-03-29T08:59:27Z,4912,13,2538,2.0,1.0,0.5
didi/LogiKM,https://github.com/didi/LogiKM,2020-03-19T05:13:51Z,3736,13,46692,3.0,1.0,3.0
didi/VirtualAPK,https://github.com/didi/VirtualAPK,2017-06-29T07:25:05Z,8647,4,7981,3.0,1.0,1.0
Dimezis/BlurView,https://github.com/Dimezis/BlurView,2016-04-21T16:00:07Z,2751,22,687,3.0,1.0,2.5
dingjikerbo/Android-BluetoothKit,https://github.com/dingjikerbo/Android-BluetoothKit,2015-10-08T09:07:33Z,3012,0,8347,2.0,1.0,0.0
DingMouRen/LayoutManagerGroup,https://github.com/DingMouRen/LayoutManagerGroup,2018-04-28T11:47:38Z,4796,0,2285,3.0,2.0,0.0
dinuscxj/LoadingDrawable,https://github.com/dinuscxj/LoadingDrawable,2016-04-16T07:33:57Z,4022,0,4428,4.0,1.0,1.0
DiUS/java-faker,https://github.com/DiUS/java-faker,2011-06-06T01:01:21Z,3394,0,6710,4.0,1.0,0.0
dm77/barcodescanner,https://github.com/dm77/barcodescanner,2014-02-24T21:14:09Z,5431,6,2796,2.0,1.0,0.0
dmytrodanylyk/android-process-button,https://github.com/dmytrodanylyk/android-process-button,2014-05-02T20:39:23Z,3007,1,941,4.5,2.0,1.0
dmytrodanylyk/circular-progress-button,https://github.com/dmytrodanylyk/circular-progress-button,2014-06-07T12:58:48Z,5568,1,1429,2.0,1.0,0.0
Doikki/DKVideoPlayer,https://github.com/Doikki/DKVideoPlayer,2017-04-11T01:33:38Z,3913,30,16368,3.0,1.0,0.5
dongjunkun/DropDownMenu,https://github.com/dongjunkun/DropDownMenu,2015-06-23T07:43:56Z,3566,2,513,3.0,1.0,0.0
donglua/PhotoPicker,https://github.com/donglua/PhotoPicker,2015-06-25T16:53:50Z,2842,13,2904,3.0,1.0,0.0
doocs/leetcode,https://github.com/doocs/leetcode,2018-09-16T14:03:03Z,13384,19,2735,2.0,1.0,0.0
doocs/source-code-hunter,https://github.com/doocs/source-code-hunter,2019-10-28T01:35:10Z,7809,0,0,,,
dreamhead/moco,https://github.com/dreamhead/moco,2012-10-18T09:09:51Z,3895,0,15544,5.0,1.0,1.0
DrKLO/Telegram,https://github.com/DrKLO/Telegram,2013-10-25T14:08:10Z,19519,73,937074,3.0,1.0,0.0
dromara/hutool,https://github.com/dromara/hutool,2014-04-13T07:23:51Z,22230,110,102345,3.0,1.0,1.0
dromara/Sa-Token,https://github.com/dromara/Sa-Token,2020-02-03T10:34:29Z,8289,23,12416,3.5,1.0,1.0
dropbox/hackpad,https://github.com/dropbox/hackpad,2015-08-14T02:32:17Z,3468,0,87731,3.0,1.0,1.0
dropwizard/dropwizard,https://github.com/dropwizard/dropwizard,2011-01-19T19:52:29Z,8161,114,40193,4.0,1.0,0.0
dropwizard/metrics,https://github.com/dropwizard/metrics,2010-02-26T19:44:42Z,7510,86,25015,4.0,1.0,0.0
DTStack/chunjun,https://github.com/DTStack/chunjun,2018-04-03T12:44:58Z,2874,23,62683,4.0,1.0,1.0
DuGuQiuBai/Java,https://github.com/DuGuQiuBai/Java,2015-11-25T07:30:08Z,9626,0,10825,0.0,1.0,0.0
DV8FromTheWorld/JDA,https://github.com/DV8FromTheWorld/JDA,2015-12-12T13:57:32Z,2858,51,46747,6.0,1.0,3.0
eclipse-openj9/openj9,https://github.com/eclipse-openj9/openj9,2017-08-25T13:46:07Z,2851,30,588537,2.0,1.0,0.0
eclipse-vertx/vert.x,https://github.com/eclipse-vertx/vert.x,2011-06-17T14:54:55Z,12793,0,133532,4.0,1.0,1.0
eclipse/jetty.project,https://github.com/eclipse/jetty.project,2011-07-14T01:11:57Z,3321,38,387450,4.0,1.0,0.0
edmodo/cropper,https://github.com/edmodo/cropper,2013-07-24T21:59:06Z,2916,0,970,4.0,1.0,1.0
eirslett/frontend-maven-plugin,https://github.com/eirslett/frontend-maven-plugin,2013-08-30T14:44:38Z,3776,0,2939,3.0,1.0,1.0
eishay/jvm-serializers,https://github.com/eishay/jvm-serializers,2010-04-25T03:12:00Z,3161,0,31287,5.0,2.0,1.0
ElderDrivers/EdXposed,https://github.com/ElderDrivers/EdXposed,2019-01-18T16:18:19Z,4563,27,71794,4.0,1.0,1.0
eleme/UETool,https://github.com/eleme/UETool,2018-05-16T08:13:17Z,3146,9,4173,4.0,1.0,0.0
eluleci/FlatUI,https://github.com/eluleci/FlatUI,2013-11-19T11:13:10Z,1676,0,1175,9.0,2.0,3.5
emilsjolander/StickyListHeaders,https://github.com/emilsjolander/StickyListHeaders,2012-03-11T18:29:18Z,5523,16,2112,3.0,1.0,0.0
Ereza/CustomActivityOnCrash,https://github.com/Ereza/CustomActivityOnCrash,2014-07-04T19:46:21Z,3489,11,998,3.0,1.0,0.0
ethanhua/Skeleton,https://github.com/ethanhua/Skeleton,2017-07-30T06:42:39Z,3417,0,752,3.0,1.0,0.0
etsy/AndroidStaggeredGrid,https://github.com/etsy/AndroidStaggeredGrid,2013-12-09T19:43:45Z,4789,7,4010,3.0,1.5,0.5
evant/gradle-retrolambda,https://github.com/evant/gradle-retrolambda,2013-08-05T02:09:58Z,5360,37,623,3.0,1.0,0.0
evernote/android-job,https://github.com/evernote/android-job,2015-08-20T19:36:54Z,5372,31,10679,4.0,1.0,1.0
evollu/react-native-fcm,https://github.com/evollu/react-native-fcm,2016-05-29T03:53:22Z,1731,98,1271,3.0,1.0,1.0
evrencoskun/TableView,https://github.com/evrencoskun/TableView,2017-06-13T04:29:44Z,2965,12,5170,4.0,1.0,1.0
Exrick/xboot,https://github.com/Exrick/xboot,2018-04-23T14:44:18Z,3480,6,10265,6.0,1.0,0.0
Exrick/xmall,https://github.com/Exrick/xmall,2017-07-28T01:49:49Z,6584,0,45293,3.0,1.0,13.0
Exrick/xpay,https://github.com/Exrick/xpay,2017-12-12T16:11:19Z,4095,0,1449,5.0,1.0,1.0
facebook/litho,https://github.com/facebook/litho,2017-01-27T03:59:11Z,7357,48,132101,4.0,1.0,0.0
facebook/shimmer-android,https://github.com/facebook/shimmer-android,2015-02-27T22:25:22Z,4915,5,854,9.0,2.0,10.0
facebook/SoLoader,https://github.com/facebook/SoLoader,2015-10-22T13:18:43Z,1054,16,3609,2.0,1.0,1.0
facebook/stetho,https://github.com/facebook/stetho,2015-01-22T22:34:10Z,12466,13,19224,3.0,1.0,0.0
facebookarchive/network-connection-class,https://github.com/facebookarchive/network-connection-class,2015-03-18T02:16:43Z,3157,2,650,2.5,1.0,0.0
facebookarchive/react-native-fbsdk,https://github.com/facebookarchive/react-native-fbsdk,2015-08-03T17:10:14Z,3006,22,1241,5.5,2.0,1.0
facebookarchive/rebound,https://github.com/facebookarchive/rebound,2013-10-11T01:12:37Z,5468,10,4095,2.0,1.0,0.0
failsafe-lib/failsafe,https://github.com/failsafe-lib/failsafe,2015-06-30T00:56:39Z,3681,0,9991,6.0,1.0,1.0
FasterXML/jackson-databind,https://github.com/FasterXML/jackson-databind,2011-12-23T07:17:41Z,3019,0,141114,2.0,1.0,0.0
febsteam/FEBS-Shiro,https://github.com/febsteam/FEBS-Shiro,2018-03-20T02:17:48Z,5690,0,4562,4.5,1.0,0.0
fengjundev/Android-Skin-Loader,https://github.com/fengjundev/Android-Skin-Loader,2015-07-01T07:36:33Z,2771,0,3423,3.0,1.0,0.0
ffay/lanproxy,https://github.com/ffay/lanproxy,2016-11-20T08:12:10Z,4861,1,2668,3.0,1.0,0.0
FinalTeam/RxGalleryFinal,https://github.com/FinalTeam/RxGalleryFinal,2016-04-22T01:41:15Z,2811,1,8273,2.0,1.0,0.0
firebase/FirebaseUI-Android,https://github.com/firebase/FirebaseUI-Android,2015-07-09T17:31:09Z,4368,63,13744,7.0,1.0,1.0
firebase/quickstart-android,https://github.com/firebase/quickstart-android,2016-04-26T17:13:27Z,8059,0,6477,3.0,1.0,0.0
fishercoder1534/Leetcode,https://github.com/fishercoder1534/Leetcode,2016-07-31T05:28:15Z,3220,0,115435,1.0,1.0,0.0
Flipboard/bottomsheet,https://github.com/Flipboard/bottomsheet,2015-04-23T17:37:32Z,4535,10,2578,3.0,1.0,0.0
florent37/ExpectAnim,https://github.com/florent37/ExpectAnim,2017-02-20T15:05:03Z,2787,1,1868,4.0,2.0,1.0
florent37/MaterialViewPager,https://github.com/florent37/MaterialViewPager,2015-04-24T17:53:15Z,8209,11,1616,3.0,1.0,0.0
florent37/ShapeOfView,https://github.com/florent37/ShapeOfView,2018-02-18T12:14:06Z,3001,0,2078,3.0,2.0,1.0
flutter-webrtc/flutter-webrtc,https://github.com/flutter-webrtc/flutter-webrtc,2018-03-07T02:26:03Z,2947,33,5711,3.0,1.0,0.0
fly803/BaseProject,https://github.com/fly803/BaseProject,2018-03-20T07:22:28Z,1032,1,27236,2.0,1.0,1.0
flyway/flyway,https://github.com/flyway/flyway,2012-12-14T18:43:22Z,6446,134,20851,5.0,1.0,1.0
frank-lam/fullstack-tutorial,https://github.com/frank-lam/fullstack-tutorial,2018-04-13T01:50:10Z,10417,0,0,,,
Freeyourgadget/Gadgetbridge,https://github.com/Freeyourgadget/Gadgetbridge,2015-01-05T23:19:03Z,3856,0,105816,3.0,1.0,1.0
frogermcs/InstaMaterial,https://github.com/frogermcs/InstaMaterial,2014-11-10T18:56:49Z,5036,1,2223,2.0,1.0,0.0
frohoff/ysoserial,https://github.com/frohoff/ysoserial,2015-01-28T07:13:55Z,5105,0,3851,3.0,1.0,1.0
fuzhengwei/itstack-demo-design,https://github.com/fuzhengwei/itstack-demo-design,2020-05-20T13:45:30Z,4568,0,3985,2.0,1.0,0.0
Fuzion24/JustTrustMe,https://github.com/Fuzion24/JustTrustMe,2014-07-24T23:45:05Z,3514,1,622,1.0,1.0,0.0
fyhertz/libstreaming,https://github.com/fyhertz/libstreaming,2013-01-30T21:24:47Z,3202,0,6798,2.0,1.0,0.0
gabrielemariotti/cardslib,https://github.com/gabrielemariotti/cardslib,2013-09-20T21:57:19Z,4719,27,32257,4.0,1.0,0.0
gabrielemariotti/RecyclerViewItemAnimators,https://github.com/gabrielemariotti/RecyclerViewItemAnimators,2014-08-22T00:24:43Z,3072,0,2088,3.0,1.0,1.0
geftimov/android-pathview,https://github.com/geftimov/android-pathview,2015-01-20T15:21:06Z,2894,2,814,5.0,1.0,0.0
Genymobile/gnirehtet,https://github.com/Genymobile/gnirehtet,2017-02-09T16:01:13Z,4166,11,4326,2.0,1.0,1.0
gephi/gephi,https://github.com/gephi/gephi,2011-10-22T03:14:46Z,4670,13,121309,3.0,1.0,0.0
getActivity/AndroidProject,https://github.com/getActivity/AndroidProject,2018-10-23T10:30:55Z,4710,17,20468,4.0,1.0,1.0
getActivity/XXPermissions,https://github.com/getActivity/XXPermissions,2018-06-15T14:31:29Z,3217,46,2144,1.0,1.0,0.0
GeyserMC/Geyser,https://github.com/GeyserMC/Geyser,2019-07-08T17:23:17Z,3100,0,33173,6.0,2.0,0.0
GitLqr/LQRWeChat,https://github.com/GitLqr/LQRWeChat,2017-02-07T06:32:40Z,3293,0,17612,2.0,1.0,1.0
glyptodon/guacamole-client,https://github.com/glyptodon/guacamole-client,2013-06-06T17:45:24Z,1048,0,23193,2.0,1.0,0.0
go-lang-plugin-org/go-lang-idea-plugin,https://github.com/go-lang-plugin-org/go-lang-idea-plugin,2010-08-29T08:20:01Z,4602,21,45363,6.0,2.0,3.0
google/auto,https://github.com/google/auto,2013-05-22T21:41:56Z,9672,55,30140,3.0,1.0,1.0
google/binnavi,https://github.com/google/binnavi,2015-08-19T12:20:24Z,2794,3,229006,5.0,1.0,0.0
google/cameraview,https://github.com/google/cameraview,2016-08-04T05:22:14Z,4737,0,1213,3.0,1.0,0.0
google/closure-compiler,https://github.com/google/closure-compiler,2014-04-16T15:30:36Z,6387,0,302923,5.0,1.0,1.0
google/error-prone,https://github.com/google/error-prone,2014-08-21T23:26:50Z,5904,17,111347,4.0,1.0,0.0
google/ExoPlayer,https://github.com/google/ExoPlayer,2014-06-13T21:19:18Z,19090,18,213303,5.0,1.0,0.0
google/google-authenticator,https://github.com/google/google-authenticator,2014-10-08T17:54:27Z,4774,0,3935,2.0,1.0,1.0
google/google-java-format,https://github.com/google/google-java-format,2015-05-11T20:38:28Z,4385,17,12252,3.0,1.0,1.0
google/grafika,https://github.com/google/grafika,2013-12-19T18:36:53Z,5511,1,10035,5.0,2.0,0.0
google/gson,https://github.com/google/gson,2015-03-19T18:21:20Z,20693,3,29212,2.0,1.0,0.0
google/guice,https://github.com/google/guice,2014-05-28T23:18:53Z,10848,15,78644,2.0,1.0,0.0
google/open-location-code,https://github.com/google/open-location-code,2014-09-30T18:26:35Z,3617,5,2250,3.0,1.0,0.0
google/physical-web,https://github.com/google/physical-web,2014-09-30T18:32:14Z,6036,17,7481,3.0,1.0,0.0
google/rejoiner,https://github.com/google/rejoiner,2017-12-06T19:09:53Z,3483,3,3566,5.0,1.0,0.0
google/tsunami-security-scanner,https://github.com/google/tsunami-security-scanner,2020-06-03T16:20:00Z,7422,9,6365,5.0,1.0,0.0
google/volley,https://github.com/google/volley,2017-01-24T17:39:33Z,3170,9,9296,2.0,1.0,0.0
googlearchive/android-Camera2Basic,https://github.com/googlearchive/android-Camera2Basic,2014-06-26T15:53:00Z,2781,0,843,2.5,1.0,0.0
googlemaps/android-maps-utils,https://github.com/googlemaps/android-maps-utils,2013-05-17T00:08:48Z,3358,24,13571,5.0,1.0,1.0
googlesamples/android-vision,https://github.com/googlesamples/android-vision,2015-07-01T21:40:31Z,2906,0,5812,3.0,1.0,0.0
googlesamples/google-services,https://github.com/googlesamples/google-services,2015-05-20T22:45:11Z,2799,0,1078,3.0,1.5,0.0
gouthampradhan/leetcode,https://github.com/gouthampradhan/leetcode,2017-03-09T10:30:30Z,2925,0,19926,2.0,1.0,1.0
grantland/android-autofittextview,https://github.com/grantland/android-autofittextview,2011-02-14T06:00:52Z,4179,1,470,4.0,1.0,1.5
graphhopper/graphhopper,https://github.com/graphhopper/graphhopper,2012-02-18T19:57:38Z,3598,35,80463,4.0,1.0,0.0
graphql-java/graphql-java,https://github.com/graphql-java/graphql-java,2015-07-06T06:52:20Z,5439,40,49445,6.0,1.0,1.0
greenrobot/greenDAO,https://github.com/greenrobot/greenDAO,2011-10-22T16:15:14Z,12510,8,18545,4.0,1.0,1.0
GrenderG/Toasty,https://github.com/GrenderG/Toasty,2017-01-18T18:52:41Z,6311,19,487,3.0,1.0,0.0
guardianproject/haven,https://github.com/guardianproject/haven,2017-03-01T03:20:03Z,6175,37,4561,4.0,1.0,1.0
guoguibing/librec,https://github.com/guoguibing/librec,2014-01-09T16:06:11Z,3075,3,28801,6.0,2.0,1.0
guolindev/booksource,https://github.com/guolindev/booksource,2016-10-04T02:55:57Z,2916,0,4992,2.0,1.0,0.0
guolindev/giffun,https://github.com/guolindev/giffun,2019-01-28T05:11:00Z,3441,0,22397,3.0,1.0,1.0
guolindev/LitePal,https://github.com/guolindev/LitePal,2013-02-20T03:20:07Z,7811,0,11830,3.0,1.0,0.0
gyf-dev/ImmersionBar,https://github.com/gyf-dev/ImmersionBar,2017-04-19T05:10:09Z,10203,0,7237,5.0,2.0,3.0
gyoogle/tech-interview-for-developer,https://github.com/gyoogle/tech-interview-for-developer,2019-06-09T04:42:57Z,6522,0,636,1.0,1.0,0.0
gzu-liyujiang/AndroidPicker,https://github.com/gzu-liyujiang/AndroidPicker,2015-10-21T14:21:16Z,5445,50,13125,3.0,1.0,0.0
H07000223/FlycoTabLayout,https://github.com/H07000223/FlycoTabLayout,2015-11-09T01:53:19Z,10562,4,2730,3.0,1.0,1.0
h2database/h2database,https://github.com/h2database/h2database,2015-04-10T19:09:09Z,3220,16,225421,4.0,2.0,3.0
h2pl/Java-Tutorial,https://github.com/h2pl/Java-Tutorial,2018-05-01T15:57:21Z,5532,0,8,0.0,1.0,0.0
hackware1993/MagicIndicator,https://github.com/hackware1993/MagicIndicator,2016-06-26T08:20:43Z,9077,12,4533,4.0,1.0,3.0
haifengl/smile,https://github.com/haifengl/smile,2014-11-20T16:28:12Z,5476,22,95561,4.0,1.0,1.0
halirutan/IntelliJ-Key-Promoter-X,https://github.com/halirutan/IntelliJ-Key-Promoter-X,2017-07-28T22:09:25Z,2747,19,930,5.0,1.0,0.0
halo-dev/halo,https://github.com/halo-dev/halo,2018-03-21T12:56:52Z,21688,83,21521,5.0,1.0,0.0
HannahMitt/HomeMirror,https://github.com/HannahMitt/HomeMirror,2015-08-23T03:20:08Z,7898,0,1719,2.0,1.0,0.0
hansonwang99/Spring-Boot-In-Action,https://github.com/hansonwang99/Spring-Boot-In-Action,2019-01-28T12:56:51Z,4237,0,2714,3.0,1.0,0.0
harjot-oberai/MusicDNA,https://github.com/harjot-oberai/MusicDNA,2016-04-30T20:12:34Z,2744,2,52240,3.0,1.0,1.0
hazelcast/hazelcast,https://github.com/hazelcast/hazelcast,2012-03-21T12:25:18Z,4786,166,930140,4.0,1.0,1.0
hdodenhof/CircleImageView,https://github.com/hdodenhof/CircleImageView,2014-01-17T16:44:46Z,14165,0,360,5.0,2.0,0.0
Heeexy/SpringBoot-Shiro-Vue,https://github.com/Heeexy/SpringBoot-Shiro-Vue,2017-11-17T18:49:06Z,3978,0,632,6.0,1.0,0.0
hefuyicoder/ListenerMusicPlayer,https://github.com/hefuyicoder/ListenerMusicPlayer,2017-02-09T10:01:31Z,2362,0,19734,3.0,1.0,0.0
heibaiying/BigData-Notes,https://github.com/heibaiying/BigData-Notes,2019-03-10T01:40:01Z,11419,0,2124,5.0,1.0,0.0
hitherejoe/animate,https://github.com/hitherejoe/animate,2015-11-16T15:06:22Z,3141,0,1706,6.0,2.0,1.0
hmkcode/Android,https://github.com/hmkcode/Android,2013-09-02T16:12:28Z,3269,0,1387,4.5,2.0,1.0
hneemann/Digital,https://github.com/hneemann/Digital,2016-06-28T17:40:16Z,2271,33,74987,4.0,1.0,0.0
hollischuang/toBeTopJavaer,https://github.com/hollischuang/toBeTopJavaer,2018-10-25T09:54:54Z,22501,0,0,,,
hongyangAndroid/baseAdapter,https://github.com/hongyangAndroid/baseAdapter,2015-08-03T02:55:51Z,4669,0,1563,3.0,1.0,0.0
hongyangAndroid/FlowLayout,https://github.com/hongyangAndroid/FlowLayout,2015-08-28T09:32:31Z,5545,0,810,3.0,1.0,0.0
hongyangAndroid/Highlight,https://github.com/hongyangAndroid/Highlight,2015-10-08T15:03:40Z,3091,0,964,2.0,1.0,0.0
HotBitmapGG/bilibili-android-client,https://github.com/HotBitmapGG/bilibili-android-client,2016-06-01T04:36:01Z,4433,1,38892,3.0,1.0,3.0
hs-web/hsweb-framework,https://github.com/hs-web/hsweb-framework,2016-01-18T03:51:39Z,7783,24,17646,4.0,1.0,0.0
huanghaibin-dev/CalendarView,https://github.com/huanghaibin-dev/CalendarView,2017-03-11T07:16:09Z,8154,0,11557,4.0,1.0,3.0
huanghongxun/HMCL,https://github.com/huanghongxun/HMCL,2015-06-22T08:06:03Z,3649,177,55275,4.0,1.0,1.0
huangyanbin/smartTable,https://github.com/huangyanbin/smartTable,2017-11-08T01:11:14Z,4718,44,14165,2.0,1.0,0.0
huburt-Hu/NewbieGuide,https://github.com/huburt-Hu/NewbieGuide,2017-07-28T06:54:05Z,3150,20,1896,3.0,1.0,0.0
hugeterry/CoordinatorTabLayout,https://github.com/hugeterry/CoordinatorTabLayout,2017-01-27T13:40:28Z,4119,0,473,3.0,1.0,0.0
hussien89aa/AndroidTutorialForBeginners,https://github.com/hussien89aa/AndroidTutorialForBeginners,2016-09-26T16:36:28Z,3811,0,3957,4.0,1.0,0.0
hustcc/JS-Sorting-Algorithm,https://github.com/hustcc/JS-Sorting-Algorithm,2017-01-19T11:36:21Z,4609,0,389,3.0,1.0,0.5
hyb1996/Auto.js,https://github.com/hyb1996/Auto.js,2017-01-27T01:01:16Z,11214,0,48388,4.0,1.0,1.0
iammert/ScalingLayout,https://github.com/iammert/ScalingLayout,2017-10-01T12:28:34Z,3289,4,631,2.0,1.0,0.0
iBotPeaches/Apktool,https://github.com/iBotPeaches/Apktool,2012-03-19T17:46:53Z,13665,15,11368,4.0,2.0,3.0
ikarus23/MifareClassicTool,https://github.com/ikarus23/MifareClassicTool,2013-02-12T15:39:03Z,2830,2,6514,9.0,3.0,3.0
ikew0ng/SwipeBackLayout,https://github.com/ikew0ng/SwipeBackLayout,2013-08-25T03:36:12Z,6139,0,1635,3.0,1.0,3.0
iluwatar/java-design-patterns,https://github.com/iluwatar/java-design-patterns,2014-08-09T16:45:18Z,73877,0,32454,3.0,1.0,0.0
ImmortalZ/TransitionHelper,https://github.com/ImmortalZ/TransitionHelper,2016-10-30T14:53:50Z,1644,0,1329,5.0,1.0,1.0
immutables/immutables,https://github.com/immutables/immutables,2013-07-07T13:48:23Z,3078,6,66821,3.0,1.0,0.0
iNPUTmice/Conversations,https://github.com/iNPUTmice/Conversations,2014-01-24T01:07:34Z,4018,101,67287,3.0,1.0,1.0
ittianyu/BottomNavigationViewEx,https://github.com/ittianyu/BottomNavigationViewEx,2016-11-12T08:39:38Z,3277,19,1371,3.0,1.0,0.0
itwanger/JavaBooks,https://github.com/itwanger/JavaBooks,2020-10-10T00:48:06Z,3796,0,4,0.0,1.0,0.0
ityouknow/spring-boot-examples,https://github.com/ityouknow/spring-boot-examples,2016-11-05T05:32:33Z,27257,0,3141,4.0,1.0,0.0
ityouknow/spring-cloud-examples,https://github.com/ityouknow/spring-cloud-examples,2017-04-28T08:48:53Z,5883,0,390,4.0,1.0,0.0
ivacf/archi,https://github.com/ivacf/archi,2015-09-11T16:13:34Z,3368,0,2029,3.5,1.0,0.0
iwgang/CountdownView,https://github.com/iwgang/CountdownView,2015-10-12T07:46:28Z,2878,3,4441,3.0,1.0,0.0
j-easy/easy-rules,https://github.com/j-easy/easy-rules,2013-03-10T14:38:26Z,3765,10,4857,4.0,1.0,1.0
ja-netfilter/ja-netfilter,https://github.com/ja-netfilter/ja-netfilter,2021-11-29T02:54:50Z,5461,1,1311,2.0,1.0,0.0
Jacksgong/JKeyboardPanelSwitch,https://github.com/Jacksgong/JKeyboardPanelSwitch,2015-07-01T17:42:01Z,4128,14,1736,3.0,1.0,0.0
JackyAndroid/AndroidChromium,https://github.com/JackyAndroid/AndroidChromium,2016-07-04T07:28:36Z,2923,2,139119,3.0,1.0,0.0
JackyAndroid/AndroidTVLauncher,https://github.com/JackyAndroid/AndroidTVLauncher,2016-03-27T08:59:19Z,2805,3,1086,4.0,1.0,0.0
jacoco/jacoco,https://github.com/jacoco/jacoco,2012-07-08T21:45:13Z,3163,43,33088,3.0,1.0,0.0
jagrosh/MusicBot,https://github.com/jagrosh/MusicBot,2016-08-14T18:46:29Z,3060,31,3690,5.5,3.0,1.0
JakeWharton/Android-DirectionalViewPager,https://github.com/JakeWharton/Android-DirectionalViewPager,2011-08-24T20:44:21Z,1041,0,946,2.5,1.0,0.0
JakeWharton/DiskLruCache,https://github.com/JakeWharton/DiskLruCache,2012-01-05T00:36:34Z,5657,0,1937,2.5,1.0,3.0
JakeWharton/hugo,https://github.com/JakeWharton/hugo,2013-11-25T09:16:40Z,7786,0,384,7.0,1.0,6.0
JakeWharton/NineOldAndroids,https://github.com/JakeWharton/NineOldAndroids,2011-12-08T19:46:37Z,4523,0,7585,2.0,1.0,0.0
JakeWharton/scalpel,https://github.com/JakeWharton/scalpel,2014-01-06T17:26:01Z,2773,0,578,2.0,1.0,0.0
JakeWharton/ThreeTenABP,https://github.com/JakeWharton/ThreeTenABP,2015-07-03T17:35:09Z,3501,0,117,4.0,1.0,0.0
JakeWharton/u2020,https://github.com/JakeWharton/u2020,2013-11-14T11:58:23Z,5721,0,4806,4.0,1.0,0.5
JakeWharton/ViewPagerIndicator,https://github.com/JakeWharton/ViewPagerIndicator,2011-08-04T17:13:44Z,10216,0,2947,6.0,3.0,0.0
janishar/mit-deep-learning-book-pdf,https://github.com/janishar/mit-deep-learning-book-pdf,2017-04-07T10:46:50Z,10109,3,2,0.0,1.0,0.0
jankotek/mapdb,https://github.com/jankotek/mapdb,2012-08-17T15:28:54Z,4480,0,20198,2.0,1.0,0.0
JanusGraph/janusgraph,https://github.com/JanusGraph/janusgraph,2016-12-26T13:26:29Z,4379,20,87208,4.0,1.0,1.0
jarlen/PhotoEditDemo,https://github.com/jarlen/PhotoEditDemo,2015-08-18T01:21:55Z,1032,0,12099,2.0,2.0,0.0
Jasonchenlijian/FastBle,https://github.com/Jasonchenlijian/FastBle,2016-08-23T02:06:33Z,4500,9,4713,2.0,1.0,0.0
jasonross/Nuwa,https://github.com/jasonross/Nuwa,2015-11-11T14:48:23Z,2968,0,130,3.5,1.0,0.0
java-aodeng/hope-boot,https://github.com/java-aodeng/hope-boot,2018-10-17T07:50:48Z,3228,2,2870,4.0,1.0,0.0
java-decompiler/jd-gui,https://github.com/java-decompiler/jd-gui,2015-03-25T05:28:41Z,10983,18,19309,3.0,1.0,1.0
java8/Java8InAction,https://github.com/java8/Java8InAction,2013-10-28T23:59:40Z,3015,0,3724,1.0,1.0,0.0
javaee/jersey,https://github.com/javaee/jersey,2012-05-18T11:38:25Z,2897,30,249042,4.0,1.0,0.0
javagrowing/JGrowing,https://github.com/javagrowing/JGrowing,2019-02-26T01:55:08Z,4213,0,329,1.0,1.0,1.0
JavaNoober/BackgroundLibrary,https://github.com/JavaNoober/BackgroundLibrary,2018-09-09T08:52:45Z,3282,11,7865,5.0,1.0,1.0
Javen205/IJPay,https://github.com/Javen205/IJPay,2017-05-02T03:15:32Z,3751,23,10829,5.0,1.0,0.0
jbloch/effective-java-3e-source-code,https://github.com/jbloch/effective-java-3e-source-code,2018-08-03T20:48:35Z,3209,0,3018,1.0,1.0,0.0
jboss-javassist/javassist,https://github.com/jboss-javassist/javassist,2013-05-24T08:31:32Z,3456,18,82448,1.0,1.0,0.0
jcodec/jcodec,https://github.com/jcodec/jcodec,2012-09-30T21:47:38Z,1046,3,114112,3.0,1.0,0.0
JCTools/JCTools,https://github.com/JCTools/JCTools,2013-11-10T18:04:40Z,2899,15,32352,3.0,2.0,0.0
jd-alexander/LikeButton,https://github.com/jd-alexander/LikeButton,2015-12-23T17:49:46Z,2979,14,781,4.5,1.0,1.0
jdamcd/android-crop,https://github.com/jdamcd/android-crop,2014-03-13T10:24:43Z,4523,6,1676,1.0,1.0,0.0
jeasonlzy/ImagePicker,https://github.com/jeasonlzy/ImagePicker,2016-01-27T17:05:03Z,4228,5,3685,3.0,1.0,0.0
jeasonlzy/okhttp-OkGo,https://github.com/jeasonlzy/okhttp-OkGo,2016-01-15T10:35:24Z,10410,14,13418,5.0,1.0,0.0
jeecgboot/JimuReport,https://github.com/jeecgboot/JimuReport,2019-12-05T12:25:59Z,3037,2,42,5.5,1.0,0.0
JeffLi1993/springboot-learning-example,https://github.com/JeffLi1993/springboot-learning-example,2017-02-06T07:02:25Z,14763,0,1641,3.5,1.0,0.0
JeremyLiao/LiveEventBus,https://github.com/JeremyLiao/LiveEventBus,2018-07-11T07:36:59Z,3315,0,7782,2.0,1.0,0.0
jeremylong/DependencyCheck,https://github.com/jeremylong/DependencyCheck,2012-09-03T20:43:30Z,3897,28,36850,5.0,2.0,3.0
JessYanCoding/MVPArms,https://github.com/JessYanCoding/MVPArms,2016-08-06T08:49:56Z,10155,25,5986,5.0,1.0,3.0
jfeinstein10/SlidingMenu,https://github.com/jfeinstein10/SlidingMenu,2012-06-30T05:14:23Z,11172,0,3085,3.0,1.0,0.0
jfinal/jfinal,https://github.com/jfinal/jfinal,2012-04-25T08:48:48Z,3147,0,30741,3.0,1.0,1.0
jgilfelt/android-viewbadger,https://github.com/jgilfelt/android-viewbadger,2011-09-27T22:50:57Z,3033,0,563,2.0,1.0,0.0
jgilfelt/chuck,https://github.com/jgilfelt/chuck,2017-02-07T23:51:39Z,4557,5,1698,4.0,1.0,0.5
jgilfelt/SystemBarTint,https://github.com/jgilfelt/SystemBarTint,2013-11-17T12:35:05Z,5393,3,807,7.0,2.0,1.0
jhy/jsoup,https://github.com/jhy/jsoup,2009-12-19T01:29:58Z,9362,5,28230,3.0,1.0,1.0
jiajunhui/PlayerBase,https://github.com/jiajunhui/PlayerBase,2017-03-28T10:19:51Z,2827,18,12609,3.0,1.0,0.0
jiang111/RxJavaApp,https://github.com/jiang111/RxJavaApp,2016-03-13T05:16:32Z,1049,5,4648,2.5,1.0,0.0
jiangqqlmj/FastDev4Android,https://github.com/jiangqqlmj/FastDev4Android,2015-10-22T05:22:53Z,2840,4,17740,3.0,1.0,0.0
jindrapetrik/jpexs-decompiler,https://github.com/jindrapetrik/jpexs-decompiler,2014-05-10T17:20:56Z,3072,120,246298,3.0,1.0,1.0
jitsi/jitsi,https://github.com/jitsi/jitsi,2013-04-24T17:37:20Z,3608,7,218974,3.0,1.0,0.0
jMonkeyEngine/jmonkeyengine,https://github.com/jMonkeyEngine/jmonkeyengine,2014-03-20T22:29:28Z,2939,47,191516,3.0,1.0,0.0
JoanZapata/android-iconify,https://github.com/JoanZapata/android-iconify,2013-06-12T11:42:01Z,3916,0,909,3.0,1.0,1.0
JoanZapata/android-pdfview,https://github.com/JoanZapata/android-pdfview,2012-11-21T16:19:38Z,2796,0,2833,2.0,1.0,0.0
JoanZapata/base-adapter-helper,https://github.com/JoanZapata/base-adapter-helper,2013-04-05T11:35:13Z,1770,0,564,5.5,2.0,1.0
JoaquimLey/faboptions,https://github.com/JoaquimLey/faboptions,2016-11-23T18:24:38Z,1055,5,888,4.0,1.0,8.0
JodaOrg/joda-time,https://github.com/JodaOrg/joda-time,2011-05-16T16:49:57Z,4767,36,91429,6.0,2.0,10.0
joelittlejohn/jsonschema2pojo,https://github.com/joelittlejohn/jsonschema2pojo,2013-06-22T22:28:53Z,5698,58,13820,5.0,1.0,0.0
johncarl81/parceler,https://github.com/johncarl81/parceler,2013-07-03T02:53:01Z,3585,0,10156,3.0,1.0,0.0
jOOQ/jOOQ,https://github.com/jOOQ/jOOQ,2011-04-17T10:43:33Z,4843,0,200628,7.0,1.0,3.0
journeyapps/zxing-android-embedded,https://github.com/journeyapps/zxing-android-embedded,2012-11-28T16:36:39Z,5049,9,5169,4.0,1.0,1.0
jprante/elasticsearch-jdbc,https://github.com/jprante/elasticsearch-jdbc,2012-06-02T23:17:56Z,2831,19,8057,3.0,1.0,1.0
jpush/aurora-imui,https://github.com/jpush/aurora-imui,2016-12-13T05:24:01Z,5541,42,17789,2.5,1.0,0.0
JSQLParser/JSqlParser,https://github.com/JSQLParser/JSqlParser,2011-06-23T22:51:52Z,3567,27,30555,4.0,1.0,3.0
jtablesaw/tablesaw,https://github.com/jtablesaw/tablesaw,2016-01-01T14:58:28Z,2857,77,46190,4.0,1.0,1.0
JulienGenoud/android-percent-support-lib-sample,https://github.com/JulienGenoud/android-percent-support-lib-sample,2015-06-26T12:44:38Z,2820,2,307,5.0,2.0,0.0
junit-team/junit4,https://github.com/junit-team/junit4,2009-01-13T03:41:26Z,8271,13,32975,3.0,1.0,0.0
junit-team/junit5,https://github.com/junit-team/junit5,2015-01-11T19:06:10Z,5077,54,73252,3.0,1.0,0.0
justauth/JustAuth,https://github.com/justauth/JustAuth,2019-01-31T09:42:20Z,13186,45,5287,2.0,1.0,6.0
Justson/AgentWeb,https://github.com/Justson/AgentWeb,2017-05-12T07:45:56Z,8456,18,11356,3.0,1.0,0.0
jwtk/jjwt,https://github.com/jwtk/jjwt,2014-09-13T01:06:24Z,8203,0,5204,3.0,1.0,1.0
JZ-Darkal/AndroidHttpCapture,https://github.com/JZ-Darkal/AndroidHttpCapture,2016-10-15T19:48:00Z,3897,1,15905,3.0,1.0,0.0
k0shk0sh/FastHub,https://github.com/k0shk0sh/FastHub,2017-02-18T17:53:16Z,5608,63,40321,5.0,1.0,1.0
k9mail/k-9,https://github.com/k9mail/k-9,2011-02-04T02:40:00Z,6511,127,55676,3.0,1.0,0.0
kairosdb/kairosdb,https://github.com/kairosdb/kairosdb,2013-02-05T22:27:48Z,1636,15,37296,3.0,1.0,0.0
karatelabs/karate,https://github.com/karatelabs/karate,2017-02-07T15:59:17Z,5764,43,39563,4.0,1.0,0.0
Karumi/Dexter,https://github.com/Karumi/Dexter,2015-11-17T13:14:43Z,5134,33,2197,3.0,1.0,0.0
kaushikgopal/RxJava-Android-Samples,https://github.com/kaushikgopal/RxJava-Android-Samples,2014-07-23T05:13:52Z,7527,0,2633,3.0,1.0,3.0
kdn251/interviews,https://github.com/kdn251/interviews,2017-02-14T18:19:25Z,56609,0,5621,1.0,1.0,0.0
KeepSafe/dexcount-gradle-plugin,https://github.com/KeepSafe/dexcount-gradle-plugin,2015-06-04T03:33:17Z,2947,20,3205,5.0,1.0,1.0
KeepSafe/TapTargetView,https://github.com/KeepSafe/TapTargetView,2016-09-11T09:07:36Z,5152,23,1948,2.0,1.0,0.0
Kelin-Hong/CalendarListView,https://github.com/Kelin-Hong/CalendarListView,2016-08-10T11:04:33Z,1057,0,2641,2.0,1.0,0.0
kevinsawicki/http-request,https://github.com/kevinsawicki/http-request,2011-10-21T19:54:58Z,3255,0,4876,2.0,1.0,0.0
keyboardsurfer/Crouton,https://github.com/keyboardsurfer/Crouton,2012-08-03T11:04:36Z,3047,8,1454,5.0,1.0,1.0
kikoso/android-stackblur,https://github.com/kikoso/android-stackblur,2013-08-15T14:44:32Z,3561,0,933,0.0,1.0,0.0
killme2008/aviatorscript,https://github.com/killme2008/aviatorscript,2011-03-29T12:48:47Z,2956,46,35959,4.0,1.0,1.0
KingJA/LoadSir,https://github.com/KingJA/LoadSir,2017-09-02T08:32:15Z,3158,6,1481,3.0,1.5,0.0
klinker24/talon-twitter-holo,https://github.com/klinker24/talon-twitter-holo,2014-10-22T20:06:49Z,1654,1,72872,3.0,1.0,0.0
knightliao/disconf,https://github.com/knightliao/disconf,2014-05-30T09:39:27Z,5512,12,14009,3.0,1.0,0.0
knowm/XChange,https://github.com/knowm/XChange,2012-02-02T10:48:28Z,3434,0,163814,4.0,1.0,0.0
Konloch/bytecode-viewer,https://github.com/Konloch/bytecode-viewer,2014-10-14T10:26:46Z,12821,57,18437,3.0,1.0,0.0
koush/ion,https://github.com/koush/ion,2013-05-22T07:41:23Z,6305,0,9443,3.0,1.0,0.0
kubernetes-client/java,https://github.com/kubernetes-client/java,2017-05-08T21:52:58Z,2271,25,1777096,5.0,1.0,4.0
KunMinX/Jetpack-MVVM-Best-Practice,https://github.com/KunMinX/Jetpack-MVVM-Best-Practice,2019-10-31T05:21:01Z,7342,0,4028,3.0,1.0,0.0
KunMinX/Linkage-RecyclerView,https://github.com/KunMinX/Linkage-RecyclerView,2019-04-22T04:39:46Z,3089,0,2470,4.0,1.0,0.0
kyleduo/SwitchButton,https://github.com/kyleduo/SwitchButton,2014-09-09T07:20:43Z,4559,0,1549,2.0,1.0,0.0
LandGrey/SpringBootVulExploit,https://github.com/LandGrey/SpringBootVulExploit,2020-05-20T09:18:44Z,3542,0,258,3.0,1.0,0.0
languagetool-org/languagetool,https://github.com/languagetool-org/languagetool,2013-08-08T16:37:22Z,6204,0,164613,3.0,1.0,1.0
laobie/StatusBarUtil,https://github.com/laobie/StatusBarUtil,2016-02-15T03:06:06Z,8732,0,1036,3.0,1.0,0.0
lcodecorex/TwinklingRefreshLayout,https://github.com/lcodecorex/TwinklingRefreshLayout,2016-03-02T12:11:56Z,3935,0,6273,2.0,1.0,0.0
lecho/hellocharts-android,https://github.com/lecho/hellocharts-android,2014-10-12T09:12:37Z,7288,14,10995,3.0,1.0,1.0
lenve/JavaEETest,https://github.com/lenve/JavaEETest,2016-12-13T02:13:58Z,3063,0,2133,3.0,1.0,0.0
lenve/VBlog,https://github.com/lenve/VBlog,2017-12-26T11:01:55Z,6478,0,781,4.0,1.0,1.0
lets-blade/blade,https://github.com/lets-blade/blade,2015-06-10T03:35:49Z,5599,9,14775,3.0,1.0,0.0
lettuce-io/lettuce-core,https://github.com/lettuce-io/lettuce-core,2014-05-10T13:08:46Z,4484,99,78753,4.0,1.0,0.0
lgvalle/Material-Animations,https://github.com/lgvalle/Material-Animations,2015-03-08T20:54:00Z,13558,0,1010,2.0,1.0,0.0
li-xiaojun/XPopup,https://github.com/li-xiaojun/XPopup,2018-12-07T06:16:48Z,6286,176,11818,3.0,1.0,0.0
liaohuqiu/android-Ultra-Pull-To-Refresh,https://github.com/liaohuqiu/android-Ultra-Pull-To-Refresh,2014-11-13T03:13:10Z,9663,8,5476,2.0,1.0,0.0
libgdx/libgdx,https://github.com/libgdx/libgdx,2012-08-10T19:34:38Z,19783,8,266948,3.0,1.0,0.0
lightbend/config,https://github.com/lightbend/config,2011-12-06T08:02:29Z,5551,0,13149,3.0,1.0,0.0
lihengming/spring-boot-api-project-seed,https://github.com/lihengming/spring-boot-api-project-seed,2017-06-23T10:06:30Z,9037,4,484,4.0,1.0,0.0
line/armeria,https://github.com/line/armeria,2015-11-16T04:04:01Z,3501,199,204457,5.0,1.0,0.0
lingochamp/FileDownloader,https://github.com/lingochamp/FileDownloader,2015-12-22T11:17:16Z,10482,65,14387,2.0,1.0,1.0
lingochamp/okdownload,https://github.com/lingochamp/okdownload,2017-12-17T08:21:22Z,4556,8,18986,4.0,1.0,0.0
linkedin/databus,https://github.com/linkedin/databus,2012-12-17T17:49:17Z,3378,0,124341,3.0,1.0,0.0
linyiqun/DataMiningAlgorithm,https://github.com/linyiqun/DataMiningAlgorithm,2015-01-11T02:50:28Z,3493,0,11663,2.0,1.0,0.0
lipangit/JiaoZiVideoPlayer,https://github.com/lipangit/JiaoZiVideoPlayer,2016-02-06T11:04:24Z,10419,78,4511,6.0,2.0,4.0
liquibase/liquibase,https://github.com/liquibase/liquibase,2011-07-08T20:08:20Z,3083,67,88254,4.0,2.0,2.0
lisawray/groupie,https://github.com/lisawray/groupie,2016-09-01T20:59:35Z,3374,27,3898,3.0,1.0,0.0
litesuits/android-common,https://github.com/litesuits/android-common,2014-05-29T08:08:00Z,3616,0,6519,2.0,1.0,1.0
liuyangming/ByteTCC,https://github.com/liuyangming/ByteTCC,2016-02-12T11:51:14Z,2766,17,14748,8.0,1.0,6.0
liuyubobobo/Play-with-Algorithms,https://github.com/liuyubobobo/Play-with-Algorithms,2016-07-05T18:16:22Z,3358,0,5287,2.0,1.0,0.0
liyifeng1994/ssm,https://github.com/liyifeng1994/ssm,2016-06-18T17:58:56Z,5593,0,369,2.0,1.0,1.0
LMAX-Exchange/disruptor,https://github.com/LMAX-Exchange/disruptor,2012-09-21T13:42:24Z,14647,13,13018,3.0,1.0,0.0
long1eu/SpaceTabLayout,https://github.com/long1eu/SpaceTabLayout,2016-10-27T20:27:05Z,1585,2,799,4.0,1.0,0.0
loopeer/itemtouchhelper-extension,https://github.com/loopeer/itemtouchhelper-extension,2016-08-25T15:28:14Z,1041,2,2586,3.0,1.0,0.0
lottie-react-native/lottie-react-native,https://github.com/lottie-react-native/lottie-react-native,2017-01-27T18:24:50Z,14927,9,550,2.0,1.0,0.0
lovetuzitong/MultiImageSelector,https://github.com/lovetuzitong/MultiImageSelector,2015-04-08T10:12:50Z,2994,2,1425,3.0,1.0,0.0
lsjwzh/RecyclerViewPager,https://github.com/lsjwzh/RecyclerViewPager,2015-01-17T18:30:34Z,3547,10,2735,2.0,1.0,0.0
LSPosed/LSPosed,https://github.com/LSPosed/LSPosed,2020-12-12T08:39:37Z,4179,30,20045,3.0,1.0,0.0
ltsopensource/light-task-scheduler,https://github.com/ltsopensource/light-task-scheduler,2014-10-24T12:53:14Z,2919,29,45904,3.0,1.0,0.0
LuckSiege/PictureSelector,https://github.com/LuckSiege/PictureSelector,2017-01-04T07:47:39Z,11329,104,32914,2.0,1.0,0.0
luckybilly/CC,https://github.com/luckybilly/CC,2017-11-23T16:26:33Z,3899,0,4599,4.0,1.0,0.0
luojilab/DDComponentForAndroid,https://github.com/luojilab/DDComponentForAndroid,2017-09-07T05:48:44Z,3291,4,1449,2.0,1.0,0.0
luontola/retrolambda,https://github.com/luontola/retrolambda,2013-07-20T07:25:22Z,3549,0,4848,1.0,1.0,0.0
LWJGL/lwjgl3,https://github.com/LWJGL/lwjgl3,2012-12-23T15:40:04Z,3684,16,680051,6.0,2.0,66.0
lyft/scoop,https://github.com/lyft/scoop,2015-12-09T22:36:56Z,1047,0,3051,4.0,2.0,0.0
lygttpod/SuperTextView,https://github.com/lygttpod/SuperTextView,2016-10-19T04:06:54Z,3613,39,4002,2.0,1.0,0.0
lzyzsd/CircleProgress,https://github.com/lzyzsd/CircleProgress,2014-10-30T16:14:42Z,3701,0,1451,6.0,2.0,1.0
lzyzsd/JsBridge,https://github.com/lzyzsd/JsBridge,2015-02-26T12:10:58Z,8878,0,920,1.5,1.0,0.5
M66B/FairEmail,https://github.com/M66B/FairEmail,2018-08-02T13:30:25Z,2845,1802,196114,3.0,1.0,0.0
M66B/NetGuard,https://github.com/M66B/NetGuard,2015-10-24T17:59:20Z,3721,134,12817,2.0,1.0,0.0
macrozheng/mall-learning,https://github.com/macrozheng/mall-learning,2019-04-12T13:20:31Z,10691,0,27550,3.0,1.0,1.0
macrozheng/mall-swarm,https://github.com/macrozheng/mall-swarm,2019-11-25T06:55:31Z,8279,1,100941,3.0,1.0,13.0
macrozheng/mall,https://github.com/macrozheng/mall,2018-04-04T01:11:44Z,56858,1,100567,3.0,1.0,13.0
macrozheng/springcloud-learning,https://github.com/macrozheng/springcloud-learning,2019-09-07T02:36:16Z,4645,0,1823,4.0,1.0,0.0
MagicMashRoom/SuperCalendar,https://github.com/MagicMashRoom/SuperCalendar,2017-05-11T12:28:51Z,2736,13,1914,2.0,1.0,0.5
makovkastar/FloatingActionButton,https://github.com/makovkastar/FloatingActionButton,2014-07-22T13:29:55Z,4026,0,1014,3.0,2.0,1.0
Manabu-GT/ExpandableTextView,https://github.com/Manabu-GT/ExpandableTextView,2014-05-17T19:40:15Z,3924,4,552,4.0,1.0,0.0
ManuelPeinado/FadingActionBar,https://github.com/ManuelPeinado/FadingActionBar,2013-05-25T11:50:00Z,2898,0,1197,5.0,2.0,1.0
markushi/android-ui,https://github.com/markushi/android-ui,2014-09-21T10:23:53Z,2245,0,673,2.0,1.0,1.0
markzhai/AndroidPerformanceMonitor,https://github.com/markzhai/AndroidPerformanceMonitor,2016-01-17T05:23:22Z,6308,0,2234,3.0,1.0,0.0
Marswin/MarsDaemon,https://github.com/Marswin/MarsDaemon,2015-12-25T03:21:41Z,3019,0,1010,2.0,1.0,0.0
maurycyw/StaggeredGridView,https://github.com/maurycyw/StaggeredGridView,2012-12-12T23:12:15Z,1660,0,2222,3.0,1.0,0.0
mcxiaoke/android-volley,https://github.com/mcxiaoke/android-volley,2013-05-21T05:35:26Z,4349,0,4965,3.0,1.0,0.0
mcxiaoke/packer-ng-plugin,https://github.com/mcxiaoke/packer-ng-plugin,2015-11-24T04:08:08Z,4757,1,1776,2.0,1.0,1.0
mcxtzhang/SwipeDelMenuLayout,https://github.com/mcxtzhang/SwipeDelMenuLayout,2016-08-25T08:10:45Z,3405,2,1085,2.0,1.0,0.0
medcl/elasticsearch-analysis-ik,https://github.com/medcl/elasticsearch-analysis-ik,2011-12-16T09:01:45Z,13492,157,2051,4.5,1.0,1.0
meefik/linuxdeploy,https://github.com/meefik/linuxdeploy,2012-08-21T04:49:14Z,3923,37,2693,5.0,2.0,3.0
Meituan-Dianping/Robust,https://github.com/Meituan-Dianping/Robust,2017-03-14T10:14:50Z,4162,13,2953,2.0,1.0,3.5
Meituan-Dianping/walle,https://github.com/Meituan-Dianping/walle,2017-01-10T03:39:25Z,6360,1,4633,2.0,1.0,0.5
microg/GmsCore,https://github.com/microg/GmsCore,2014-04-23T19:28:47Z,4620,26,33058,4.0,2.0,0.0
micrometer-metrics/micrometer,https://github.com/micrometer-metrics/micrometer,2017-04-10T21:36:51Z,3310,141,48736,4.0,1.0,1.0
microsoft/malmo,https://github.com/microsoft/malmo,2016-05-17T14:58:40Z,3753,21,19130,5.0,2.0,1.0
MiguelCatalan/MaterialSearchView,https://github.com/MiguelCatalan/MaterialSearchView,2015-09-14T17:13:46Z,3795,6,1361,2.0,1.0,1.0
mik3y/usb-serial-for-android,https://github.com/mik3y/usb-serial-for-android,2013-06-30T23:17:45Z,3432,21,6352,5.5,1.0,1.0
mikepenz/LollipopShowcase,https://github.com/mikepenz/LollipopShowcase,2014-10-22T19:57:16Z,1776,6,830,3.0,1.0,0.0
MindorksOpenSource/android-interview-questions,https://github.com/MindorksOpenSource/android-interview-questions,2017-07-09T18:47:24Z,8599,0,5,0.0,1.0,0.0
MindorksOpenSource/android-mvp-architecture,https://github.com/MindorksOpenSource/android-mvp-architecture,2017-01-27T08:39:06Z,4364,0,4049,3.0,1.0,0.0
MindorksOpenSource/android-mvvm-architecture,https://github.com/MindorksOpenSource/android-mvvm-architecture,2017-07-07T08:34:07Z,2752,0,3077,4.0,1.0,1.0
MindorksOpenSource/from-java-to-kotlin,https://github.com/MindorksOpenSource/from-java-to-kotlin,2017-05-21T11:56:27Z,5542,0,37,0.5,1.0,0.0
MindorksOpenSource/PRDownloader,https://github.com/MindorksOpenSource/PRDownloader,2017-11-11T19:29:38Z,2989,5,4709,1.0,1.0,0.0
MinecraftForge/MinecraftForge,https://github.com/MinecraftForge/MinecraftForge,2012-01-30T01:35:01Z,5347,0,57909,5.0,1.0,1.0
mission-peace/interview,https://github.com/mission-peace/interview,2014-07-20T21:27:31Z,10295,0,27259,2.0,1.0,1.0
MisterBooo/LeetCodeAnimation,https://github.com/MisterBooo/LeetCodeAnimation,2018-12-06T08:01:22Z,69433,0,78,1.0,1.0,0.0
mmin18/RealtimeBlurView,https://github.com/mmin18/RealtimeBlurView,2016-09-21T15:59:51Z,2797,0,676,4.0,1.0,0.0
mock-server/mockserver,https://github.com/mock-server/mockserver,2013-02-26T06:09:52Z,3607,0,62513,5.0,1.0,1.0
mockito/mockito,https://github.com/mockito/mockito,2012-10-13T20:27:12Z,12725,185,47750,2.0,1.0,0.0
Mojang/brigadier,https://github.com/Mojang/brigadier,2014-09-15T08:48:24Z,2845,3,4012,5.0,1.0,0.0
motianhuo/wechat,https://github.com/motianhuo/wechat,2015-05-25T02:33:37Z,5166,0,34426,3.0,1.0,0.0
MovingBlocks/Terasology,https://github.com/MovingBlocks/Terasology,2011-03-04T03:49:19Z,3306,66,113093,4.0,1.0,0.0
mplushnikov/lombok-intellij-plugin,https://github.com/mplushnikov/lombok-intellij-plugin,2013-10-09T21:49:01Z,2986,116,37084,2.0,1.0,0.0
mpusher/mpush,https://github.com/mpusher/mpush,2016-04-28T01:43:19Z,3489,9,15032,3.0,1.0,1.0
mrniko/netty-socketio,https://github.com/mrniko/netty-socketio,2012-01-12T11:43:49Z,5682,3,5529,3.0,1.0,0.0
mxdldev/android-mvp-mvvm-flytour,https://github.com/mxdldev/android-mvp-mvvm-flytour,2018-12-25T10:42:31Z,2922,11,21364,1.0,1.0,0.0
mybatis/generator,https://github.com/mybatis/generator,2013-02-10T11:14:50Z,4897,10,72717,5.0,2.0,2.0
mybatis/spring-boot-starter,https://github.com/mybatis/spring-boot-starter,2015-09-25T13:05:15Z,3565,23,3716,4.0,1.0,0.0
MyCATApache/Mycat-Server,https://github.com/MyCATApache/Mycat-Server,2014-12-04T02:46:54Z,9252,7,92847,3.0,1.0,0.0
mzule/ActivityRouter,https://github.com/mzule/ActivityRouter,2016-04-08T02:27:14Z,2812,3,874,2.0,1.0,0.0
naman14/Timber,https://github.com/naman14/Timber,2015-06-12T16:43:55Z,6676,5,21859,3.0,1.0,0.0
nanchen2251/RxJava2Examples,https://github.com/nanchen2251/RxJava2Examples,2017-06-19T05:38:45Z,2853,0,3713,2.0,1.0,0.0
NanoHttpd/nanohttpd,https://github.com/NanoHttpd/nanohttpd,2012-08-10T21:52:42Z,6272,3,7106,3.0,1.0,1.0
Naoki2015/CircleDemo,https://github.com/Naoki2015/CircleDemo,2015-12-31T04:02:59Z,2201,0,5858,2.0,1.0,0.0
natario1/CameraView,https://github.com/natario1/CameraView,2017-07-18T09:30:33Z,4230,42,21138,3.0,1.0,0.0
nathanmarz/storm,https://github.com/nathanmarz/storm,2011-09-17T07:55:13Z,8930,0,60552,3.0,1.0,1.0
navasmdc/MaterialDesignLibrary,https://github.com/navasmdc/MaterialDesignLibrary,2014-09-30T07:37:17Z,9089,3,2927,3.0,1.0,0.0
neo4j/neo4j,https://github.com/neo4j/neo4j,2012-11-12T08:46:15Z,9851,72,535348,4.0,1.0,1.0
Netflix/conductor,https://github.com/Netflix/conductor,2016-12-07T22:48:42Z,4040,280,50506,6.0,1.0,0.0
Netflix/eureka,https://github.com/Netflix/eureka,2012-07-26T22:23:07Z,11146,142,32742,4.0,1.0,0.0
Netflix/Hystrix,https://github.com/Netflix/Hystrix,2012-11-19T20:14:46Z,22491,79,62010,1.0,1.0,0.0
Netflix/ribbon,https://github.com/Netflix/ribbon,2013-01-15T01:08:04Z,4200,41,21786,2.0,1.0,0.0
Netflix/SimianArmy,https://github.com/Netflix/SimianArmy,2012-07-06T22:00:05Z,7865,4,16056,4.0,1.0,3.0
Netflix/zuul,https://github.com/Netflix/zuul,2013-03-13T18:53:57Z,11801,5,18092,4.0,1.0,1.0
networknt/light-4j,https://github.com/networknt/light-4j,2016-09-09T22:28:14Z,3392,145,49516,2.0,1.0,0.5
newbee-ltd/newbee-mall,https://github.com/newbee-ltd/newbee-mall,2019-09-21T03:56:04Z,8661,0,3910,2.0,1.0,4.0
nextcloud/android,https://github.com/nextcloud/android,2016-06-06T21:23:36Z,2812,182,59453,5.0,1.0,0.0
nhaarman/ListViewAnimations,https://github.com/nhaarman/ListViewAnimations,2013-03-19T11:59:23Z,5635,14,5697,5.0,2.0,0.0
nic-delhi/AarogyaSetu_Android,https://github.com/nic-delhi/AarogyaSetu_Android,2020-05-26T17:36:26Z,2851,0,3906,3.0,1.0,1.0
nicolasgramlich/AndEngine,https://github.com/nicolasgramlich/AndEngine,2011-11-22T14:20:11Z,3126,0,33585,2.0,1.0,1.0
Nightonke/BlurLockView,https://github.com/Nightonke/BlurLockView,2016-03-17T06:29:38Z,1029,0,1887,1.0,2.0,0.0
Nightonke/BoomMenu,https://github.com/Nightonke/BoomMenu,2016-03-19T12:04:12Z,5756,0,7710,4.0,1.0,0.0
Nightonke/CoCoin,https://github.com/Nightonke/CoCoin,2015-10-17T13:50:12Z,2747,0,22198,3.0,1.0,0.0
Nightonke/WoWoViewPager,https://github.com/Nightonke/WoWoViewPager,2016-03-03T04:29:28Z,2753,0,8670,4.0,2.0,0.0
niorgai/StatusBarCompat,https://github.com/niorgai/StatusBarCompat,2016-03-21T03:06:13Z,2160,15,646,3.0,1.0,0.0
nisrulz/android-tips-tricks,https://github.com/nisrulz/android-tips-tricks,2016-08-25T20:27:33Z,4513,0,22,1.0,1.0,0.0
NLPchina/ansj_seg,https://github.com/NLPchina/ansj_seg,2012-09-05T05:56:24Z,6106,3,11856,4.0,1.0,0.0
NLPchina/elasticsearch-sql,https://github.com/NLPchina/elasticsearch-sql,2014-08-24T14:26:31Z,6642,189,18856,5.0,1.0,6.0
north2016/T-MVP,https://github.com/north2016/T-MVP,2016-05-09T05:55:34Z,2739,0,3803,3.0,1.0,1.0
nytimes/Store,https://github.com/nytimes/Store,2016-11-29T20:17:11Z,3580,0,11288,5.0,1.0,1.0
objectbox/objectbox-java,https://github.com/objectbox/objectbox-java,2017-01-24T10:29:48Z,3999,29,20991,4.0,1.0,1.0
oblac/jodd,https://github.com/oblac/jodd,2012-09-07T20:26:48Z,3876,37,26870,3.0,1.0,0.0
obsidiandynamics/kafdrop,https://github.com/obsidiandynamics/kafdrop,2019-05-27T08:46:56Z,3490,43,2538,3.0,1.0,0.0
oguzbilgener/CircularFloatingActionMenu,https://github.com/oguzbilgener/CircularFloatingActionMenu,2014-07-20T20:42:12Z,2729,0,1850,6.0,1.0,3.0
oldmanpushcart/greys-anatomy,https://github.com/oldmanpushcart/greys-anatomy,2012-11-21T19:39:35Z,3837,0,10774,3.0,1.0,0.0
ongakuer/CircleIndicator,https://github.com/ongakuer/CircleIndicator,2014-07-30T14:02:56Z,4036,7,1712,5.0,2.0,1.0
openaphid/android-flip,https://github.com/openaphid/android-flip,2012-05-22T07:48:41Z,2852,0,3686,4.0,1.0,0.0
OpenAPITools/openapi-generator,https://github.com/OpenAPITools/openapi-generator,2018-05-12T09:57:56Z,11625,45,167028,4.0,1.0,0.0
OpenFeign/feign,https://github.com/OpenFeign/feign,2013-06-26T23:28:16Z,7924,22,27632,3.0,1.0,0.0
openhab/openhab1-addons,https://github.com/openhab/openhab1-addons,2013-09-20T20:28:43Z,3470,14,359292,3.0,1.0,0.0
OpenRefine/OpenRefine,https://github.com/OpenRefine/OpenRefine,2012-10-15T02:22:48Z,8704,32,62504,5.0,1.0,0.0
opensearch-project/OpenSearch,https://github.com/opensearch-project/OpenSearch,2021-01-29T22:10:00Z,4739,12,960187,5.0,1.0,1.0
OpenTSDB/opentsdb,https://github.com/OpenTSDB/opentsdb,2010-08-27T02:05:20Z,4624,26,103458,4.0,1.0,0.0
oracle/opengrok,https://github.com/oracle/opengrok,2013-01-07T11:49:18Z,3525,197,64666,3.0,1.0,1.0
orhanobut/dialogplus,https://github.com/orhanobut/dialogplus,2014-12-12T09:24:44Z,4953,9,1047,3.0,1.0,0.0
orhanobut/hawk,https://github.com/orhanobut/hawk,2015-02-19T22:25:23Z,3840,22,834,2.0,1.0,1.0
orhanobut/logger,https://github.com/orhanobut/logger,2015-03-20T22:30:12Z,13202,16,827,6.0,1.0,0.0
oshi/oshi,https://github.com/oshi/oshi,2012-02-10T12:46:48Z,3061,130,30031,4.0,1.0,1.0
osmandapp/OsmAnd,https://github.com/osmandapp/OsmAnd,2011-01-15T19:59:44Z,3060,1,574540,3.0,1.0,0.0
oubowu/OuNews,https://github.com/oubowu/OuNews,2016-02-29T16:24:11Z,1554,0,12887,3.0,1.0,0.0
paascloud/paascloud-master,https://github.com/paascloud/paascloud-master,2018-03-17T05:40:43Z,9281,0,16464,4.0,1.0,0.0
pagehelper/Mybatis-PageHelper,https://github.com/pagehelper/Mybatis-PageHelper,2014-06-09T15:32:30Z,11006,9,6836,6.0,1.0,0.0
pakerfeldt/android-viewflow,https://github.com/pakerfeldt/android-viewflow,2011-05-07T06:09:24Z,1799,0,1375,5.0,2.0,0.0
PaperMC/Paper,https://github.com/PaperMC/Paper,2016-01-22T05:40:19Z,5721,1,148,5.0,1.0,4.0
pardom-zz/ActiveAndroid,https://github.com/pardom-zz/ActiveAndroid,2012-11-15T18:10:45Z,4717,0,3158,3.0,1.0,3.0
patrickfav/Dali,https://github.com/patrickfav/Dali,2014-05-26T19:00:25Z,1045,12,3358,3.0,1.0,0.0
pedrovgs/Algorithms,https://github.com/pedrovgs/Algorithms,2014-11-09T14:32:33Z,2726,0,5982,3.0,1.0,0.0
pedrovgs/AndroidWiFiADB,https://github.com/pedrovgs/AndroidWiFiADB,2015-10-18T21:58:45Z,4123,8,1096,2.0,1.0,0.0
pedrovgs/DraggablePanel,https://github.com/pedrovgs/DraggablePanel,2014-04-13T11:40:54Z,3007,10,1975,4.0,1.0,1.0
pedrovgs/EffectiveAndroidUI,https://github.com/pedrovgs/EffectiveAndroidUI,2014-07-04T08:42:20Z,6046,0,1923,3.0,1.0,1.0
pengjianbo/GalleryFinal,https://github.com/pengjianbo/GalleryFinal,2015-09-21T07:01:17Z,3177,4,7997,3.0,1.0,1.0
pentaho/pentaho-kettle,https://github.com/pentaho/pentaho-kettle,2013-10-08T18:27:11Z,5651,1,757006,2.0,1.0,0.0
permissions-dispatcher/PermissionsDispatcher,https://github.com/permissions-dispatcher/PermissionsDispatcher,2015-08-15T21:41:05Z,10908,40,3184,0.0,1.0,3.0
PhilippC/keepass2android,https://github.com/PhilippC/keepass2android,2017-09-20T18:42:02Z,3059,19,60098,3.0,1.0,1.0
PhilJay/MPAndroidChart,https://github.com/PhilJay/MPAndroidChart,2014-04-25T14:29:47Z,34838,44,21111,5.0,1.0,1.0
phishman3579/java-algorithms-implementation,https://github.com/phishman3579/java-algorithms-implementation,2013-11-20T03:30:19Z,3981,0,31758,3.0,1.0,0.0
phodal/migration,https://github.com/phodal/migration,2020-01-08T02:11:38Z,2889,0,101,1.0,1.0,0.0
Piasy/BigImageViewer,https://github.com/Piasy/BigImageViewer,2016-11-06T09:55:02Z,3858,0,2538,3.0,1.0,0.5
pig-mesh/pig,https://github.com/pig-mesh/pig,2019-08-26T03:24:53Z,3112,17,18168,4.0,1.0,0.0
pili-engineering/PLDroidPlayer,https://github.com/pili-engineering/PLDroidPlayer,2015-06-02T04:41:29Z,4508,41,5876,2.0,1.0,0.0
pinpoint-apm/pinpoint,https://github.com/pinpoint-apm/pinpoint,2014-10-20T09:27:22Z,12081,50,330750,3.0,1.0,0.0
plantuml/plantuml,https://github.com/plantuml/plantuml,2010-11-04T15:55:50Z,5564,9,186269,5.0,1.0,1.0
pmd/pmd,https://github.com/pmd/pmd,2012-07-11T18:03:00Z,3787,73,123935,3.0,2.0,1.0
PowerJob/PowerJob,https://github.com/PowerJob/PowerJob,2020-03-16T09:19:55Z,3400,32,14573,4.0,1.0,0.0
powermock/powermock,https://github.com/powermock/powermock,2014-05-28T07:53:53Z,3763,16,32976,2.0,1.0,0.0
pppscn/SmsForwarder,https://github.com/pppscn/SmsForwarder,2021-02-10T02:23:07Z,3125,18,12899,3.0,1.0,1.0
pqpo/SmartCropper,https://github.com/pqpo/SmartCropper,2017-08-03T11:08:41Z,3700,13,1004,3.0,1.0,0.0
processing/processing,https://github.com/processing/processing,2013-01-24T21:17:22Z,6186,48,109671,2.0,1.0,0.0
prolificinteractive/material-calendarview,https://github.com/prolificinteractive/material-calendarview,2015-02-09T22:31:56Z,5769,22,3658,4.0,1.0,0.0
promeG/TinyPinyin,https://github.com/promeG/TinyPinyin,2015-09-30T03:24:50Z,3395,2,1399,1.0,1.0,0.0
Prototik/HoloEverywhere,https://github.com/Prototik/HoloEverywhere,2012-03-05T12:37:20Z,2193,2,55556,4.0,1.0,1.0
puniverse/quasar,https://github.com/puniverse/quasar,2013-03-27T14:51:24Z,4399,18,52770,2.0,1.0,0.0
qiujuer/Genius-Android,https://github.com/qiujuer/Genius-Android,2014-07-10T08:32:51Z,2325,16,9476,2.0,1.0,0.0
qstumn/BadgeView,https://github.com/qstumn/BadgeView,2017-02-08T02:01:39Z,3968,5,1759,2.0,1.0,0.0
quartz-scheduler/quartz,https://github.com/quartz-scheduler/quartz,2016-03-07T14:05:37Z,4904,2,42015,3.0,1.0,1.0
querydsl/querydsl,https://github.com/querydsl/querydsl,2011-08-05T06:46:32Z,3716,34,98761,3.0,1.0,0.0
questdb/questdb,https://github.com/questdb/questdb,2014-04-28T23:29:15Z,8231,45,238896,4.0,1.0,1.0
qunarcorp/bistoury,https://github.com/qunarcorp/bistoury,2019-08-01T07:54:25Z,3315,8,73638,3.0,1.0,1.0
rabbitmq/rabbitmq-tutorials,https://github.com/rabbitmq/rabbitmq-tutorials,2010-09-21T11:41:26Z,5770,0,1357,5.0,1.0,1.0
race604/FlyRefresh,https://github.com/race604/FlyRefresh,2015-05-28T10:19:34Z,2873,2,1696,2.0,1.0,0.5
ragunathjawahar/android-saripaar,https://github.com/ragunathjawahar/android-saripaar,2012-09-08T11:52:30Z,3227,3,4723,3.0,2.0,0.0
Ramotion/cardslider-android,https://github.com/Ramotion/cardslider-android,2017-05-04T07:35:28Z,2285,0,1498,3.0,1.0,0.0
Ramotion/folding-cell-android,https://github.com/Ramotion/folding-cell-android,2016-04-01T11:38:47Z,4867,0,812,2.0,1.0,0.0
raphw/byte-buddy,https://github.com/raphw/byte-buddy,2013-11-25T19:38:03Z,4805,246,248724,4.0,1.0,0.0
razerdp/BasePopup,https://github.com/razerdp/BasePopup,2016-01-15T03:31:07Z,4686,15,28208,3.0,1.0,1.0
react-native-image-picker/react-native-image-picker,https://github.com/react-native-image-picker/react-native-image-picker,2015-06-08T20:25:31Z,7522,99,765,2.0,1.0,1.0
react-native-share/react-native-share,https://github.com/react-native-share/react-native-share,2015-09-30T02:27:34Z,3035,75,1628,3.0,2.0,8.0
react-native-svg/react-native-svg,https://github.com/react-native-svg/react-native-svg,2016-01-17T14:29:21Z,5954,76,7968,4.0,2.0,1.0
react-native-video/react-native-video,https://github.com/react-native-video/react-native-video,2015-03-31T05:08:38Z,6061,6,3172,3.0,1.0,1.0
react-native-webrtc/react-native-webrtc,https://github.com/react-native-webrtc/react-native-webrtc,2015-09-27T10:57:30Z,3822,42,2736,2.0,1.0,0.0
reactive-streams/reactive-streams-jvm,https://github.com/reactive-streams/reactive-streams-jvm,2014-02-28T13:16:15Z,4326,0,15248,3.0,1.0,0.0
ReactiveX/RxAndroid,https://github.com/ReactiveX/RxAndroid,2014-08-19T03:46:38Z,19619,18,1433,1.0,1.0,0.0
reactor/reactor-core,https://github.com/reactor/reactor-core,2015-11-10T10:06:40Z,4028,112,171040,7.0,1.0,1.0
real-logic/aeron,https://github.com/real-logic/aeron,2014-02-07T17:16:58Z,5906,79,84712,4.0,1.0,0.0
real-logic/agrona,https://github.com/real-logic/agrona,2014-11-03T20:14:21Z,2229,70,27141,3.0,1.0,0.0
Red5/red5-server,https://github.com/Red5/red5-server,2013-11-19T05:04:10Z,3056,49,10279,4.0,1.0,1.0
redis/jedis,https://github.com/redis/jedis,2010-06-11T13:04:43Z,10346,64,54007,3.0,1.0,1.0
RedSpider1/concurrent,https://github.com/RedSpider1/concurrent,2018-11-03T13:49:36Z,3504,0,0,,,
remkop/picocli,https://github.com/remkop/picocli,2017-02-01T16:38:41Z,3442,78,91323,2.0,1.0,0.0
rengwuxian/MaterialEditText,https://github.com/rengwuxian/MaterialEditText,2014-10-30T10:07:23Z,6119,19,3385,2.0,1.0,0.0
rengwuxian/RxJavaSamples,https://github.com/rengwuxian/RxJavaSamples,2016-03-24T13:08:10Z,3970,3,1001,3.0,1.0,0.0
requery/requery,https://github.com/requery/requery,2015-11-14T00:45:31Z,3090,43,23679,3.0,1.0,0.0
resilience4j/resilience4j,https://github.com/resilience4j/resilience4j,2015-06-03T09:21:01Z,7811,29,49501,5.0,1.0,1.0
rest-assured/rest-assured,https://github.com/rest-assured/rest-assured,2010-10-21T08:35:43Z,5772,0,26495,4.0,1.0,0.0
rey5137/material,https://github.com/rey5137/material,2014-12-09T12:07:32Z,6046,10,27346,3.0,1.0,1.0
RipMeApp/ripme,https://github.com/RipMeApp/ripme,2017-01-06T17:12:09Z,2886,126,19824,4.0,2.0,3.0
robinhood/ticker,https://github.com/robinhood/ticker,2016-07-15T21:37:52Z,4241,9,1581,4.0,1.0,0.0
roboguice/roboguice,https://github.com/roboguice/roboguice,2012-08-12T20:37:19Z,3817,0,74026,3.0,1.0,0.0
robolectric/robolectric,https://github.com/robolectric/robolectric,2010-08-28T00:28:25Z,5426,82,166812,4.0,1.0,0.0
RobotiumTech/robotium,https://github.com/RobotiumTech/robotium,2009-12-10T12:51:14Z,2769,0,6058,2.0,1.0,0.0
rockerhieu/emojicon,https://github.com/rockerhieu/emojicon,2014-01-18T12:32:38Z,3618,2,2971,4.0,1.0,0.0
romandanylyk/PageIndicatorView,https://github.com/romandanylyk/PageIndicatorView,2016-08-20T19:25:32Z,4527,14,3532,4.0,1.0,1.0
roncoo/roncoo-pay,https://github.com/roncoo/roncoo-pay,2016-07-21T02:46:06Z,4291,0,19910,3.0,1.0,3.0
ronmamo/reflections,https://github.com/ronmamo/reflections,2013-04-16T16:19:26Z,4069,3,4931,1.0,1.0,0.0
roughike/BottomBar,https://github.com/roughike/BottomBar,2016-03-16T01:31:05Z,8444,4,2834,2.0,1.0,0.0
rovo89/XposedInstaller,https://github.com/rovo89/XposedInstaller,2012-04-02T20:33:05Z,3511,0,8980,2.0,1.0,0.0
rubenlagus/TelegramBots,https://github.com/rubenlagus/TelegramBots,2016-01-14T00:13:07Z,2898,72,15782,6.0,1.0,0.0
rubensousa/GravitySnapHelper,https://github.com/rubensousa/GravitySnapHelper,2016-08-31T07:25:23Z,4860,14,610,4.5,1.5,1.0
rubensousa/PreviewSeekBar,https://github.com/rubensousa/PreviewSeekBar,2017-01-24T23:52:44Z,3285,7,1215,2.0,1.0,0.0
rubensousa/ViewPagerCards,https://github.com/rubensousa/ViewPagerCards,2016-08-20T15:24:12Z,4051,0,240,6.0,2.0,0.0
runelite/runelite,https://github.com/runelite/runelite,2016-04-30T20:48:02Z,3588,0,193747,3.0,1.0,0.0
ryanhoo/StylishMusicPlayer,https://github.com/ryanhoo/StylishMusicPlayer,2016-09-13T14:38:32Z,3629,0,5777,3.0,1.0,0.0
saiwu-bigkoo/Android-ConvenientBanner,https://github.com/saiwu-bigkoo/Android-ConvenientBanner,2014-12-23T06:12:33Z,4730,0,848,3.0,1.0,1.0
saulmm/Android-Material-Examples,https://github.com/saulmm/Android-Material-Examples,2014-10-13T16:13:02Z,2859,0,809,3.0,1.0,1.0
saysky/ForestBlog,https://github.com/saysky/ForestBlog,2017-10-08T15:27:47Z,3610,0,2437,3.0,1.0,0.0
seaswalker/spring-analysis,https://github.com/seaswalker/spring-analysis,2016-09-09T07:46:32Z,11521,0,378,2.0,1.0,0.0
seata/seata,https://github.com/seata/seata,2018-12-28T08:37:22Z,21822,31,175111,5.0,1.0,3.0
SeleniumHQ/selenium,https://github.com/SeleniumHQ/selenium,2013-01-14T21:40:56Z,23062,73,90647,4.0,1.0,0.0
shekhargulati/99-problems,https://github.com/shekhargulati/99-problems,2015-11-22T05:56:33Z,3310,0,2057,2.0,1.0,0.0
sherxon/AlgoDS,https://github.com/sherxon/AlgoDS,2016-12-16T17:01:22Z,3313,0,21217,1.0,1.0,0.0
shwenzhang/AndResGuard,https://github.com/shwenzhang/AndResGuard,2015-10-11T11:48:06Z,7908,4,6506,2.0,1.0,1.5
signalapp/Signal-Android,https://github.com/signalapp/Signal-Android,2011-12-15T20:01:12Z,22176,0,229666,4.0,1.0,1.0
signalapp/Signal-Server,https://github.com/signalapp/Signal-Server,2013-12-09T07:10:36Z,7527,0,33307,4.0,1.0,0.0
singwhatiwanna/dynamic-load-apk,https://github.com/singwhatiwanna/dynamic-load-apk,2014-03-30T11:51:00Z,5961,0,2620,3.0,1.0,0.0
Skykai521/StickerCamera,https://github.com/Skykai521/StickerCamera,2015-07-05T14:12:43Z,3123,0,14361,2.0,1.0,0.0
smuyyh/BookReader,https://github.com/smuyyh/BookReader,2016-08-03T05:17:27Z,6076,0,30918,2.0,1.0,0.0
Snailclimb/JavaGuide,https://github.com/Snailclimb/JavaGuide,2018-05-07T13:27:00Z,119267,0,0,,,
sockeqwe/AdapterDelegates,https://github.com/sockeqwe/AdapterDelegates,2015-07-29T11:19:56Z,2768,18,2458,3.0,1.0,0.0
sockeqwe/mosby,https://github.com/sockeqwe/mosby,2015-03-25T00:59:19Z,5481,15,17138,3.0,1.0,0.0
socketio/socket.io-client-java,https://github.com/socketio/socket.io-client-java,2013-04-28T17:04:05Z,4883,3,5255,1.0,1.0,0.0
sofastack/sofa-boot,https://github.com/sofastack/sofa-boot,2018-04-02T08:28:14Z,4517,50,23383,4.0,1.0,0.0
sofastack/sofa-jarslink,https://github.com/sofastack/sofa-jarslink,2018-02-02T06:02:09Z,3044,2,948,3.0,1.0,0.0
sofastack/sofa-jraft,https://github.com/sofastack/sofa-jraft,2019-03-04T10:13:43Z,2754,21,139278,3.0,1.0,1.0
sofastack/sofa-rpc,https://github.com/sofastack/sofa-rpc,2018-04-09T03:32:04Z,3536,44,65110,3.0,1.0,0.0
sohutv/cachecloud,https://github.com/sohutv/cachecloud,2016-01-26T05:46:01Z,5946,6,80739,2.0,1.0,0.0
soot-oss/soot,https://github.com/soot-oss/soot,2012-06-20T12:41:19Z,2162,0,372047,3.0,1.0,1.0
SpecialCyCi/AndroidResideMenu,https://github.com/SpecialCyCi/AndroidResideMenu,2013-12-14T15:25:49Z,2846,7,701,4.0,1.0,0.0
SplashCodes/JAViewer,https://github.com/SplashCodes/JAViewer,2016-05-21T08:47:10Z,4577,10,6309,4.0,1.0,0.0
spockframework/spock,https://github.com/spockframework/spock,2010-12-12T19:02:34Z,3135,16,20144,3.0,1.0,1.0
spring-attic/spring-mvc-showcase,https://github.com/spring-attic/spring-mvc-showcase,2011-06-03T15:36:55Z,4986,0,1281,5.0,1.0,0.0
spring-cloud/spring-cloud-gateway,https://github.com/spring-cloud/spring-cloud-gateway,2016-11-16T21:42:51Z,3429,0,22965,5.0,1.0,0.0
spring-cloud/spring-cloud-netflix,https://github.com/spring-cloud/spring-cloud-netflix,2014-07-11T15:46:12Z,4544,2,7141,6.0,1.0,0.0
spring-io/initializr,https://github.com/spring-io/initializr,2013-06-07T16:02:22Z,2787,12,27661,4.0,1.0,1.0
spring-projects/spring-data-examples,https://github.com/spring-projects/spring-data-examples,2014-01-30T15:42:43Z,4393,0,51269,2.0,1.0,0.0
spring-projects/spring-security-oauth,https://github.com/spring-projects/spring-security-oauth,2011-07-26T18:08:49Z,4542,0,35192,4.0,1.0,0.0
springfox/springfox,https://github.com/springfox/springfox,2012-05-06T06:38:57Z,5553,12,32072,3.0,1.0,0.0
springside/springside4,https://github.com/springside/springside4,2012-02-23T08:39:03Z,5788,3,12842,2.0,1.0,1.0
sqshq/piggymetrics,https://github.com/sqshq/piggymetrics,2015-03-29T17:56:31Z,11434,2,1881,5.0,1.0,0.0
square/android-times-square,https://github.com/square/android-times-square,2013-01-30T20:28:27Z,4448,0,2286,4.0,1.0,0.0
square/flow,https://github.com/square/flow,2013-09-12T22:20:16Z,2799,0,3591,3.0,1.0,0.0
square/mortar,https://github.com/square/mortar,2013-11-09T00:01:50Z,2184,0,4316,3.0,1.0,0.0
square/sqlbrite,https://github.com/square/sqlbrite,2015-02-19T04:38:37Z,4636,9,3329,2.0,1.0,0.0
sshahine/JFoenix,https://github.com/sshahine/JFoenix,2015-09-08T14:04:24Z,5818,0,24546,4.0,1.0,1.0
ssssssss-team/spider-flow,https://github.com/ssssssss-team/spider-flow,2020-03-27T11:07:15Z,6258,2,8740,4.0,1.0,1.0
stanfordnlp/CoreNLP,https://github.com/stanfordnlp/CoreNLP,2013-06-27T21:13:49Z,8397,8,531886,3.0,1.0,0.0
steelkiwi/cropiwa,https://github.com/steelkiwi/cropiwa,2017-03-16T13:30:29Z,2190,0,3398,5.0,1.0,1.0
stfalcon-studio/ChatKit,https://github.com/stfalcon-studio/ChatKit,2017-02-02T09:37:15Z,3529,1,4680,3.0,2.0,0.0
stleary/JSON-java,https://github.com/stleary/JSON-java,2010-12-21T17:46:09Z,4030,15,9835,1.0,1.0,1.0
strimzi/strimzi-kafka-operator,https://github.com/strimzi/strimzi-kafka-operator,2016-05-06T08:52:33Z,3044,95,108107,7.0,1.0,1.0
stylefeng/Guns,https://github.com/stylefeng/Guns,2017-07-06T05:19:54Z,3387,0,326,6.0,1.0,0.0
subhra74/xdm,https://github.com/subhra74/xdm,2018-02-25T13:09:15Z,3692,3,26878,2.0,1.0,1.0
sublimehq/Packages,https://github.com/sublimehq/Packages,2015-06-13T04:17:44Z,2853,0,364,1.0,1.0,0.0
sunfusheng/MarqueeView,https://github.com/sunfusheng/MarqueeView,2016-06-01T06:50:46Z,3616,0,804,4.0,1.0,0.0
sunfusheng/StickyHeaderListView,https://github.com/sunfusheng/StickyHeaderListView,2016-04-22T11:39:25Z,2816,0,2295,4.0,1.0,0.0
Sunzxyong/Recovery,https://github.com/Sunzxyong/Recovery,2016-09-04T08:13:19Z,1674,7,2156,2.5,1.0,1.0
supertokens/supertokens-core,https://github.com/supertokens/supertokens-core,2020-01-05T13:30:52Z,4951,0,29276,7.0,1.0,3.0
szerhusenBC/jwt-spring-security-demo,https://github.com/szerhusenBC/jwt-spring-security-demo,2016-03-20T19:16:17Z,2873,3,549,4.0,1.0,0.0
TangoAgency/material-intro-screen,https://github.com/TangoAgency/material-intro-screen,2016-09-12T13:16:19Z,2731,4,4607,3.0,1.0,0.0
tangqi92/Android-Tips,https://github.com/tangqi92/Android-Tips,2015-09-10T09:01:47Z,3238,0,177,0.0,1.0,1.0
tbruyelle/RxPermissions,https://github.com/tbruyelle/RxPermissions,2015-09-29T13:55:09Z,10317,11,876,2.0,1.0,0.0
TeamAmaze/AmazeFileManager,https://github.com/TeamAmaze/AmazeFileManager,2014-07-14T19:47:53Z,3759,58,32276,4.0,1.0,0.0
TechEmpower/FrameworkBenchmarks,https://github.com/TechEmpower/FrameworkBenchmarks,2013-03-22T17:33:54Z,6317,15,14306,4.0,1.0,0.0
techGay/v9porn,https://github.com/techGay/v9porn,2018-04-12T14:32:04Z,4538,9,24718,3.0,1.0,0.0
Teevity/ice,https://github.com/Teevity/ice,2013-06-14T20:56:13Z,2790,3,5153,3.0,1.0,0.0
Tencent/APIJSON,https://github.com/Tencent/APIJSON,2016-11-21T12:03:29Z,12987,85,10229,3.0,1.0,6.0
Tencent/GT,https://github.com/Tencent/GT,2016-01-13T10:29:55Z,4265,3,55246,2.0,1.0,0.0
Tencent/MSEC,https://github.com/Tencent/MSEC,2016-11-28T01:50:35Z,2771,0,160188,3.0,1.0,6.0
Tencent/Shadow,https://github.com/Tencent/Shadow,2019-06-13T10:50:27Z,6250,3,21735,3.0,1.0,0.0
Tencent/VasSonic,https://github.com/Tencent/VasSonic,2017-08-01T08:35:13Z,11478,10,7421,2.0,1.0,0.0
termux/termux-app,https://github.com/termux/termux-app,2015-10-23T09:42:46Z,11741,89,21366,4.0,1.0,0.0
testcontainers/testcontainers-java,https://github.com/testcontainers/testcontainers-java,2015-04-12T12:44:59Z,5744,54,21246,5.0,1.0,0.0
TheAlgorithms/Java,https://github.com/TheAlgorithms/Java,2016-07-16T10:21:02Z,45207,0,21093,2.0,1.0,1.0
thingsboard/thingsboard,https://github.com/thingsboard/thingsboard,2016-12-01T09:33:30Z,11274,48,129459,4.0,1.0,0.0
ThirtyDegreesRay/OpenHub,https://github.com/ThirtyDegreesRay/OpenHub,2017-07-11T13:29:51Z,4043,31,24549,4.0,1.0,1.0
tiann/epic,https://github.com/tiann/epic,2017-05-22T02:52:44Z,3667,5,5127,3.0,1.0,1.0
tianshiyeben/wgcloud,https://github.com/tianshiyeben/wgcloud,2019-01-15T02:02:21Z,2834,9,6428,3.0,1.0,21.0
Tibolte/ElasticDownload,https://github.com/Tibolte/ElasticDownload,2015-02-15T20:30:24Z,1653,3,3615,3.0,1.0,1.0
timehop/sticky-headers-recyclerview,https://github.com/timehop/sticky-headers-recyclerview,2014-10-03T01:57:46Z,3725,0,808,2.0,1.0,0.0
TommyLemon/Android-ZBLibrary,https://github.com/TommyLemon/Android-ZBLibrary,2015-08-20T16:03:53Z,5023,25,14602,3.0,1.0,0.0
TooTallNate/Java-WebSocket,https://github.com/TooTallNate/Java-WebSocket,2010-01-20T23:33:04Z,8868,13,14486,2.0,1.0,3.5
traccar/traccar,https://github.com/traccar/traccar,2012-04-16T08:33:49Z,3467,35,58687,3.0,2.0,0.0
traex/RippleEffect,https://github.com/traex/RippleEffect,2014-10-14T13:32:51Z,4962,0,504,2.0,1.0,0.0
trello/RxLifecycle,https://github.com/trello/RxLifecycle,2015-07-20T13:32:23Z,7694,22,2368,6.0,1.0,0.0
Trinea/android-auto-scroll-view-pager,https://github.com/Trinea/android-auto-scroll-view-pager,2014-02-23T16:06:56Z,1669,0,226,4.0,2.0,4.0
Trinea/android-common,https://github.com/Trinea/android-common,2012-06-19T07:49:46Z,4999,1,6671,3.0,1.0,1.0
trojan-gfw/igniter,https://github.com/trojan-gfw/igniter,2018-11-08T22:19:03Z,3061,33,6013,2.0,1.0,0.0
tronprotocol/java-tron,https://github.com/tronprotocol/java-tron,2017-12-26T10:20:38Z,2988,64,221567,9.0,1.0,0.0
tuguangquan/mybatis,https://github.com/tuguangquan/mybatis,2014-11-03T04:51:06Z,3880,0,39118,2.0,1.0,0.0
twowaits/SDE-Interview-Questions,https://github.com/twowaits/SDE-Interview-Questions,2017-10-25T11:08:52Z,5663,1,5,0.0,1.0,0.0
tyrantgit/ExplosionField,https://github.com/tyrantgit/ExplosionField,2015-09-23T11:34:50Z,3578,0,343,2.0,1.5,0.0
tyzlmjj/PagerBottomTabStrip,https://github.com/tyzlmjj/PagerBottomTabStrip,2015-08-23T02:35:28Z,2769,12,3171,5.0,1.5,1.0
uber/AutoDispose,https://github.com/uber/AutoDispose,2016-12-22T18:46:11Z,3234,2,5395,6.0,1.0,1.0
uber/NullAway,https://github.com/uber/NullAway,2017-09-01T17:35:57Z,3089,0,15517,2.0,1.0,0.0
udacity/Sunshine-Version-2,https://github.com/udacity/Sunshine-Version-2,2015-03-05T01:48:44Z,2907,0,1692,5.0,2.0,3.5
undertow-io/undertow,https://github.com/undertow-io/undertow,2012-07-19T00:52:44Z,3100,0,155081,3.0,1.0,0.0
UnevenSoftware/LeafPic,https://github.com/UnevenSoftware/LeafPic,2016-01-07T17:24:12Z,3218,7,13594,3.0,1.0,1.0
vaticle/typedb,https://github.com/vaticle/typedb,2016-07-11T23:59:57Z,3029,82,71063,6.0,1.0,1.0
VaughnVernon/IDDD_Samples,https://github.com/VaughnVernon/IDDD_Samples,2013-04-08T22:12:57Z,3023,0,28463,3.0,1.0,5.0
vavr-io/vavr,https://github.com/vavr-io/vavr,2014-01-30T14:07:25Z,4715,17,64395,5.0,1.0,1.0
vert-x3/vertx-examples,https://github.com/vert-x3/vertx-examples,2015-02-24T17:42:44Z,3249,0,9572,5.0,2.0,1.0
vespa-engine/vespa,https://github.com/vespa-engine/vespa,2016-06-03T20:54:20Z,3843,12,639600,4.0,1.0,1.0
vinc3m1/RoundedImageView,https://github.com/vinc3m1/RoundedImageView,2013-02-22T01:17:37Z,6300,19,1265,9.0,2.0,0.0
vrapper/vrapper,https://github.com/vrapper/vrapper,2010-07-13T20:15:53Z,1046,2,34364,5.0,1.0,1.0
w446108264/XhsEmoticonsKeyboard,https://github.com/w446108264/XhsEmoticonsKeyboard,2015-03-06T02:39:34Z,2837,7,5625,3.0,1.0,0.0
wangdan/AisenWeiBo,https://github.com/wangdan/AisenWeiBo,2014-10-10T03:22:08Z,1817,0,59156,4.0,1.0,1.0
wasabeef/Blurry,https://github.com/wasabeef/Blurry,2015-07-23T14:12:08Z,5155,0,636,3.5,1.0,0.0
wasabeef/richeditor-android,https://github.com/wasabeef/richeditor-android,2015-03-30T16:19:20Z,5745,0,804,2.0,1.0,0.0
watabou/pixel-dungeon,https://github.com/watabou/pixel-dungeon,2014-07-26T17:34:32Z,3001,0,38623,4.0,2.0,1.0
wdullaer/MaterialDateTimePicker,https://github.com/wdullaer/MaterialDateTimePicker,2015-01-03T19:41:03Z,4645,54,7536,5.0,1.0,1.0
web3j/web3j,https://github.com/web3j/web3j,2016-09-04T05:48:49Z,3807,94,34415,2.0,1.0,0.0
weibocom/motan,https://github.com/weibocom/motan,2016-04-20T10:56:17Z,5756,17,39107,4.0,1.0,1.0
WeiYe-Jing/datax-web,https://github.com/WeiYe-Jing/datax-web,2019-11-19T01:09:05Z,3615,5,13801,3.0,1.0,0.0
wendux/DSBridge-Android,https://github.com/wendux/DSBridge-Android,2017-01-02T11:58:53Z,3313,2,1841,2.0,1.0,0.0
wenmingvs/AndroidProcess,https://github.com/wenmingvs/AndroidProcess,2016-01-19T06:28:11Z,2738,0,1387,2.0,1.0,0.0
wequick/Small,https://github.com/wequick/Small,2015-11-27T11:37:20Z,5013,25,7726,2.0,1.0,0.0
wildfirechat/im-server,https://github.com/wildfirechat/im-server,2019-01-23T15:21:28Z,6495,64,138049,4.0,1.0,1.0
williamfiset/Algorithms,https://github.com/williamfiset/Algorithms,2017-03-18T02:50:46Z,12275,0,32679,2.0,1.0,3.0
willowtreeapps/spruce-android,https://github.com/willowtreeapps/spruce-android,2017-02-23T20:34:18Z,3690,3,4269,3.0,1.0,0.0
winterbe/java8-tutorial,https://github.com/winterbe/java8-tutorial,2014-03-16T17:25:43Z,15553,0,2081,1.0,1.0,0.0
wiremock/wiremock,https://github.com/wiremock/wiremock,2011-10-09T20:27:24Z,4949,1,39896,3.0,1.0,0.0
woxingxiao/BubbleSeekBar,https://github.com/woxingxiao/BubbleSeekBar,2016-11-03T14:31:05Z,3082,12,1958,2.0,1.0,1.0
WritingMinds/ffmpeg-android-java,https://github.com/WritingMinds/ffmpeg-android-java,2014-09-11T10:12:09Z,3120,8,1306,1.0,1.0,1.0
wuyouzhuguli/SpringAll,https://github.com/wuyouzhuguli/SpringAll,2018-05-02T02:48:44Z,23053,0,6080,4.0,1.0,0.0
WVector/AppUpdate,https://github.com/WVector/AppUpdate,2017-06-19T09:38:42Z,3397,3,2925,3.0,1.0,1.0
wxiaoqi/Spring-Cloud-Platform,https://github.com/wxiaoqi/Spring-Cloud-Platform,2017-05-25T10:35:26Z,5617,3,6014,3.0,1.0,0.0
wyouflf/xUtils3,https://github.com/wyouflf/xUtils3,2015-10-28T10:56:04Z,5915,9,12561,3.0,1.0,2.0
xcc3641/SeeWeather,https://github.com/xcc3641/SeeWeather,2016-02-20T13:10:14Z,3473,2,3101,3.0,1.0,1.0
xcltapestry/XCL-Charts,https://github.com/xcltapestry/XCL-Charts,2014-06-09T15:44:50Z,3900,0,23397,3.0,1.0,4.0
ximsfei/Android-skin-support,https://github.com/ximsfei/Android-skin-support,2017-01-12T15:03:54Z,5773,0,19377,5.0,1.0,1.0
xmuSistone/ViewpagerTransition,https://github.com/xmuSistone/ViewpagerTransition,2016-09-19T05:38:45Z,3020,1,588,2.0,2.0,0.0
xuexiangjys/XUI,https://github.com/xuexiangjys/XUI,2019-01-07T07:59:02Z,3714,21,89114,3.0,1.0,1.0
xuxueli/xxl-job,https://github.com/xuxueli/xxl-job,2015-11-28T12:59:34Z,20998,30,8609,3.0,1.0,0.0
xxv/android-lifecycle,https://github.com/xxv/android-lifecycle,2014-04-18T14:26:22Z,5170,0,481,7.5,2.0,190.0
YahooArchive/anthelion,https://github.com/YahooArchive/anthelion,2015-10-27T00:42:01Z,2868,0,35882,6.0,1.0,1.0
Yalantis/GuillotineMenu-Android,https://github.com/Yalantis/GuillotineMenu-Android,2015-06-15T13:56:21Z,2739,2,407,2.0,1.0,0.5
Yalantis/Phoenix,https://github.com/Yalantis/Phoenix,2015-01-12T14:11:20Z,4037,1,976,2.5,1.0,0.0
Yalantis/Taurus,https://github.com/Yalantis/Taurus,2015-03-13T08:35:53Z,1674,0,881,3.0,1.0,0.0
Yalantis/uCrop,https://github.com/Yalantis/uCrop,2016-01-05T13:41:06Z,11114,15,4643,3.0,1.0,1.0
yangfuhai/afinal,https://github.com/yangfuhai/afinal,2012-10-17T08:10:00Z,3186,0,6971,2.0,1.0,0.0
yangfuhai/ASimpleCache,https://github.com/yangfuhai/ASimpleCache,2013-07-28T13:50:59Z,3654,0,1993,2.0,1.0,0.0
yanzhenjie/AndPermission,https://github.com/yanzhenjie/AndPermission,2016-09-11T05:17:34Z,6552,0,4486,3.0,1.0,0.0
yanzhenjie/AndServer,https://github.com/yanzhenjie/AndServer,2016-06-14T00:52:52Z,3008,0,12020,3.0,1.0,1.0
yanzhenjie/NoHttp,https://github.com/yanzhenjie/NoHttp,2015-07-29T06:11:12Z,3714,0,8428,3.0,1.0,1.0
yarolegovich/DiscreteScrollView,https://github.com/yarolegovich/DiscreteScrollView,2017-03-03T23:38:54Z,5569,2,3698,2.0,1.0,0.0
yarolegovich/SlidingRootNav,https://github.com/yarolegovich/SlidingRootNav,2017-03-26T22:58:48Z,2962,1,971,3.0,1.0,0.0
yasserg/crawler4j,https://github.com/yasserg/crawler4j,2011-12-31T22:49:18Z,4247,3,4736,4.0,1.0,1.0
ybq/Android-SpinKit,https://github.com/ybq/Android-SpinKit,2016-03-20T08:40:51Z,8151,0,1812,5.0,2.0,1.0
yhaolpz/FloatWindow,https://github.com/yhaolpz/FloatWindow,2017-11-14T14:33:55Z,3969,9,1473,2.0,1.0,1.0
yigit/android-priority-jobqueue,https://github.com/yigit/android-priority-jobqueue,2014-06-20T00:12:45Z,3410,0,14102,3.0,1.0,0.0
yipianfengye/android-adDialog,https://github.com/yipianfengye/android-adDialog,2016-08-02T08:00:57Z,3101,0,1607,2.5,1.0,0.0
yipianfengye/android-zxingLibrary,https://github.com/yipianfengye/android-zxingLibrary,2016-07-26T08:00:18Z,4920,0,2018,3.0,1.0,0.0
YoKeyword/Fragmentation,https://github.com/YoKeyword/Fragmentation,2016-02-23T08:54:55Z,9717,30,8981,3.0,1.0,0.0
youlookwhat/CloudReader,https://github.com/youlookwhat/CloudReader,2016-11-20T11:59:25Z,4645,25,18851,3.0,1.0,0.0
youlookwhat/DesignPattern,https://github.com/youlookwhat/DesignPattern,2016-10-21T10:59:32Z,2898,0,2669,2.0,1.0,0.0
youth5201314/banner,https://github.com/youth5201314/banner,2016-04-22T05:50:25Z,11842,0,2713,5.0,2.0,1.0
youtube/api-samples,https://github.com/youtube/api-samples,2013-12-09T18:41:41Z,4321,0,2541,7.0,1.0,0.0
yqritc/Android-ScalableVideoView,https://github.com/yqritc/Android-ScalableVideoView,2015-06-11T07:56:38Z,1041,3,585,5.0,1.0,1.0
yuanguangxin/LeetCode,https://github.com/yuanguangxin/LeetCode,2020-01-11T01:02:02Z,6641,0,3238,1.0,1.0,0.0
yui/yuicompressor,https://github.com/yui/yuicompressor,2008-12-05T19:13:24Z,2977,1,6075,2.0,1.0,8.0
yuliskov/SmartTubeNext,https://github.com/yuliskov/SmartTubeNext,2020-07-28T12:53:52Z,5147,65,37107,4.0,1.0,1.0
YunaiV/onemall,https://github.com/YunaiV/onemall,2019-05-02T16:06:49Z,5710,0,16978,4.0,1.0,0.0
YunaiV/ruoyi-vue-pro,https://github.com/YunaiV/ruoyi-vue-pro,2021-01-24T03:18:25Z,3884,9,26473,6.0,1.0,0.0
YunaiV/SpringBoot-Labs,https://github.com/YunaiV/SpringBoot-Labs,2018-09-12T14:51:46Z,13477,0,17749,4.0,1.0,0.0
yusugomori/DeepLearning,https://github.com/yusugomori/DeepLearning,2013-01-01T16:23:53Z,2934,0,1083,4.0,1.0,0.0
yydcdut/PhotoNoter,https://github.com/yydcdut/PhotoNoter,2015-10-13T02:33:05Z,1589,11,23013,3.0,1.0,1.0
z56402344/BaseAnimation,https://github.com/z56402344/BaseAnimation,2014-08-08T13:26:14Z,1031,0,40110,2.0,1.0,0.0
zaaach/CityPicker,https://github.com/zaaach/CityPicker,2016-02-27T09:11:27Z,3005,2,1295,2.0,1.0,0.0
zaproxy/zaproxy,https://github.com/zaproxy/zaproxy,2015-06-03T16:55:01Z,9364,256,175940,3.0,1.0,1.0
zendesk/android-floating-action-button,https://github.com/zendesk/android-floating-action-button,2014-09-19T06:49:21Z,6361,0,1078,3.0,1.0,0.0
zendesk/maxwell,https://github.com/zendesk/maxwell,2015-02-09T22:06:13Z,3215,187,16782,4.0,1.0,0.0
zhanghai/Douya,https://github.com/zhanghai/Douya,2016-02-01T13:44:19Z,4505,11,44631,4.0,1.0,1.0
zhanglei-workspace/shopping-management-system,https://github.com/zhanglei-workspace/shopping-management-system,2015-11-16T12:53:21Z,4196,0,5353,3.0,1.0,3.0
zhaojun1998/zfile,https://github.com/zhaojun1998/zfile,2019-08-19T13:57:56Z,4630,39,3536,5.0,1.0,0.0
zhihu/Matisse,https://github.com/zhihu/Matisse,2017-04-13T01:31:05Z,12223,15,3418,5.0,1.0,0.0
zhisheng17/flink-learning,https://github.com/zhisheng17/flink-learning,2019-01-01T07:38:28Z,11905,0,9404,3.0,1.0,0.0
zhou-you/RxEasyHttp,https://github.com/zhou-you/RxEasyHttp,2017-06-07T09:33:47Z,3022,0,11670,3.0,1.0,0.0
ZieIony/Carbon,https://github.com/ZieIony/Carbon,2015-02-04T23:11:18Z,2971,2,38604,3.0,1.0,1.0
zlt2000/microservices-platform,https://github.com/zlt2000/microservices-platform,2019-03-07T07:13:37Z,3437,25,12177,4.0,1.0,0.0
zo0r/react-native-push-notification,https://github.com/zo0r/react-native-push-notification,2015-12-14T19:53:36Z,6319,35,1884,4.0,1.0,0.0
zouzg/mybatis-generator-gui,https://github.com/zouzg/mybatis-generator-gui,2016-05-08T22:39:39Z,6138,16,3047,5.0,1.0,3.0
zuihou/lamp-cloud,https://github.com/zuihou/lamp-cloud,2018-01-17T02:51:04Z,4270,0,9105,8.0,1.0,0.0
zwwill/yanxuan-weex-demo,https://github.com/zwwill/yanxuan-weex-demo,2017-09-05T11:48:42Z,3044,0,15894,0.0,1.0,0.0
zxbu/webdav-aliyundriver,https://github.com/zxbu/webdav-aliyundriver,2021-01-13T10:02:36Z,3682,14,5540,2.0,1.0,2.0
zxing/zxing,https://github.com/zxing/zxing,2011-10-12T14:07:27Z,29321,27,39377,4.0,2.0,1.0
zzhoujay/RichText,https://github.com/zzhoujay/RichText,2015-07-21T09:36:01Z,3735,0,5185,2.0,1.0,0.0
zzz40500/GsonFormat,https://github.com/zzz40500/GsonFormat,2014-10-31T14:16:39Z,3166,4,5684,1.0,1.0,0.0
